collection,slug,title,faq_done,role,pillar_association
guides,advanced-cancer-treatment,Advanced Cancer Treatment: What It Really Means and How to Access It,Yes,PILLAR PAGE,Advanced Cancer Treatment
insights,advanced-treatment-for-stage-4-cancer,Advanced Treatment for Stage 4 Cancer,Yes,Support Page,Advanced Cancer Treatment
insights,cost-of-advanced-cancer-treatment-worldwide,Cost of Advanced Cancer Treatment Worldwide,Yes,Support Page,Advanced Cancer Treatment
insights,countries-offering-advanced-cancer-treatment,Countries Offering Advanced Cancer Treatment,Yes,Support Page,Advanced Cancer Treatment
insights,future-of-cancer-treatment,Future of Cancer Treatment,Yes,Support Page,Advanced Cancer Treatment
insights,gene-therapy-for-cancer-patients,Gene Therapy for Cancer Patients,Yes,Support Page,Advanced Cancer Treatment
insights,how-genomic-testing-guides-cancer-treatment,How Genomic Testing Guides Cancer Treatment,Yes,Support Page,Advanced Cancer Treatment
insights,how-to-access-advanced-treatment-abroad,How to Access Advanced Treatment Abroad,Yes,Support Page,Advanced Cancer Treatment
insights,immunotherapy-vs-chemotherapy,Immunotherapy vs Chemotherapy,Yes,Support Page,Cancer Immunotherapy
insights,latest-cancer-treatments-in-the-world,Latest Cancer Treatments in the World,Yes,Support Page,Advanced Cancer Treatment
insights,questions-to-ask-your-oncologist,Questions to Ask Your Oncologist,Yes,Support Page,Advanced Cancer Treatment
insights,side-effects-of-advanced-cancer-treatments,Side Effects of Advanced Cancer Treatments,Yes,Support Page,Advanced Cancer Treatment
insights,standard-treatment-vs-precision-oncology,Standard Treatment vs Precision Oncology,Yes,Support Page,Advanced Cancer Treatment
insights,success-rates-of-modern-cancer-treatments,Success Rates of Modern Cancer Treatments,Yes,Support Page,Advanced Cancer Treatment
insights,targeted-therapy-vs-immunotherapy,Targeted Therapy vs Immunotherapy,Yes,Support Page,Targeted Therapy
insights,tests-required-before-advanced-therapy,Tests Required Before Advanced Therapy,Yes,Support Page,Advanced Cancer Treatment
insights,til-therapy-explained,TIL Therapy Explained,Yes,Support Page,Advanced Cancer Treatment
insights,what-are-advanced-cancer-treatments,What Are Advanced Cancer Treatments?,Yes,Support Page,Advanced Cancer Treatment
insights,when-should-patients-consider-advanced-treatment,When Should Patients Consider Advanced Treatment,Yes,Support Page,Advanced Cancer Treatment
guides,blood-cancer-treatment,"Blood Cancer Treatment: Leukemia, Lymphoma, and Myeloma",Yes,PILLAR PAGE,"Blood Cancer Treatment: Leukaemia, Lymphoma, and Myeloma"
guides,autologous-stem-cell-transplant-for-myeloma-in-china,Autologous Stem Cell Transplant for Myeloma in China,Yes,Support Page,"Blood Cancer Treatment: Leukaemia, Lymphoma, and Myeloma"
insights,car-t-for-multiple-myeloma-in-china,CAR-T for Multiple Myeloma in China — BCMA-Directed Therapies,Yes,Support Page,"Blood Cancer Treatment: Leukaemia, Lymphoma, and Myeloma"
treatments,bone-marrow-transplant,Bone Marrow Transplant,Yes,PILLAR PAGE,Bone Marrow Transplant
guides,brain-tumour-treatment-advanced-options,Brain Tumour Treatment: Advanced Options and Global Access,Yes,PILLAR PAGE,Brain Tumour Treatment: Advanced Options and Global Access
guides,5-ala-fluorescence-guided-brain-tumour-surgery,5-ALA Fluorescence-Guided Brain Tumour Surgery: Seeing Cancer Cells Invisible to the Eye,Yes,Support Page,Brain Tumour Treatment: Advanced Options and Global Access
guides,awake-craniotomy-brain-tumour-surgery,"Awake Craniotomy: What It Involves, Who Needs It, and Which Centres Perform It",Yes,Support Page,Brain Tumour Treatment: Advanced Options and Global Access
guides,brain-metastases-surgery-gamma-knife-wbrt,Brain Metastases: Surgery vs Gamma Knife vs Whole Brain Radiation,Yes,Support Page,Brain Tumour Treatment: Advanced Options and Global Access
guides,brain-tumour-second-opinion,Getting a Second Opinion on Brain Tumour Treatment Through CancerFax,Yes,Support Page,Brain Tumour Treatment: Advanced Options and Global Access
guides,brain-tumour-treatment-cost-china-india-usa,Brain Tumour Treatment Costs: China vs India vs USA — Detailed Comparison,Yes,Support Page,Brain Tumour Treatment: Advanced Options and Global Access
guides,brain-tumour-treatment-in-china,Brain Tumour Treatment in China: Tiantan Hospital Beijing and SPHIC,Yes,Support Page,Brain Tumour Treatment: Advanced Options and Global Access
guides,idh-mutation-brain-tumour-prognosis,IDH Mutation in Brain Tumours: What It Means and Why It Matters,Yes,Support Page,Brain Tumour Treatment: Advanced Options and Global Access
guides,intraoperative-mri-brain-tumour-surgery,Intraoperative MRI for Brain Tumour Surgery: How Real-Time Imaging Improves Resection,Yes,Support Page,Brain Tumour Treatment: Advanced Options and Global Access
guides,oligodendroglioma-1p19q-co-deletion-treatment,Oligodendroglioma and 1p/19q Co-Deletion,Yes,Support Page,Brain Tumour Treatment: Advanced Options and Global Access
guides,onc201-h3k27m-diffuse-midline-glioma,ONC201 for H3K27M-Mutant Diffuse Midline Glioma: Eligibility and Access,Yes,Support Page,Brain Tumour Treatment: Advanced Options and Global Access
guides,primary-cns-lymphoma-treatment,"Primary CNS Lymphoma (PCNSL): High-Dose Methotrexate, Ibrutinib, and Treatment in China",Yes,Support Page,Brain Tumour Treatment: Advanced Options and Global Access
guides,stupp-protocol-gbm-treatment,"The Stupp Protocol Explained: Surgery, Radiation, and Temozolomide for GBM",Yes,Support Page,Brain Tumour Treatment: Advanced Options and Global Access
guides,tumour-treating-fields-ttfields-optune,Tumour Treating Fields (TTFields / Optune): How It Works and Who Should Use It,Yes,Support Page,Brain Tumour Treatment: Advanced Options and Global Access
guides,vorasidenib-idh-mutant-grade-2-glioma-indigo-trial,Vorasidenib for IDH-Mutant Grade 2 Glioma: The INDIGO Trial and What It Means,Yes,Support Page,Brain Tumour Treatment: Advanced Options and Global Access
insights,proton-therapy-for-brain-tumors,Proton Therapy for Brain Tumors,Yes,Support Page,Brain Tumour Treatment: Advanced Options and Global Access
guides,breast-cancer-treatment,Breast Cancer Treatment: Advanced Options and International Access,Yes,PILLAR PAGE,Breast Cancer Treatment: Advanced Options and International Access
insights,breast-reconstruction-after-mastectomy,Breast Reconstruction Options After Mastectomy: A Complete Comparison,Yes,Support Page,Breast Cancer Treatment: Advanced Options and International Access
insights,cdk46-inhibitors-palbociclib-ribociclib-abemaciclib,"CDK4/6 Inhibitors (Palbociclib, Ribociclib, Abemaciclib): How They Work and What to Expect",Yes,Support Page,Breast Cancer Treatment: Advanced Options and International Access
treatments,car-nk-cell-therapy,CAR NK Cell Therapy,Yes,PILLAR PAGE,CAR NK Cell therapy
insights,cancers-treated-with-car-t-therapy,Cancers Treated with CAR-T Therapy,Yes,Support Page,CAR-T Cell Therapy
insights,car-t-vs-bone-marrow-transplant,CAR-T vs Bone Marrow Transplant,Yes,Support Page,CAR-T Cell Therapy
insights,car-t-vs-til-therapy,CAR-T vs TIL Therapy,Yes,Support Page,CAR-T Cell Therapy
insights,cost-of-car-t-therapy-worldwide,Cost of CAR-T Therapy Worldwide,Yes,Support Page,CAR-T Cell Therapy
insights,cytokine-release-syndrome-explained,Cytokine Release Syndrome Explained,Yes,Support Page,CAR-T Cell Therapy
insights,eligibility-for-car-t-therapy,Eligibility for CAR-T Therapy,Yes,Support Page,CAR-T Cell Therapy
insights,future-of-car-t-therapy,Future of CAR-T Therapy,Yes,Support Page,CAR-T Cell Therapy
insights,hospital-stay-for-car-t-therapy,Hospital Stay for CAR-T Therapy,Yes,Support Page,CAR-T Cell Therapy
insights,questions-patients-should-ask-about-car-t,Questions Patients Should Ask About CAR T,Yes,Support Page,CAR-T Cell Therapy
insights,side-effects-of-car-t-therapy,Side Effects of CAR-T Therapy,Yes,Support Page,CAR-T Cell Therapy
insights,success-rates-of-car-t-therapy,Success Rates of CAR-T Therapy,Yes,Support Page,CAR-T Cell Therapy
insights,tests-required-before-car-t-therapy,Tests Required Before CAR-T Therapy,Yes,Support Page,CAR-T Cell Therapy
insights,what-is-car-t-cell-therapy,What is CAR-T Cell Therapy?,Yes,Support Page,CAR-T Cell Therapy
treatments,car-t-cell-therapy-for-leukemia,CAR-T Cell Therapy for Leukemia,Yes,Support Page,CAR-T Cell Therapy
treatments,car-t-cell-therapy-for-lymphoma,CAR T-Cell Therapy for Lymphoma: The Complete Patient Guide,Yes,Support Page,CAR-T Cell Therapy
treatments,car-t-cell-therapy-for-multiple-myeloma,CAR T-Cell Therapy for Multiple Myeloma: Complete Patient Guide,Yes,Support Page,CAR-T Cell Therapy
treatments,car-t-cell-therapy-for-solid-tumors,CAR-T Cell Therapy for Solid Tumors,Yes,Support Page,CAR-T Cell Therapy
treatments,cik-therapy,CIK Therapy,Yes,PILLAR PAGE,CIK therapy
guides,cancer-diagnosis-and-staging,Cancer Diagnosis and Staging: Understanding Your Reports,Yes,PILLAR PAGE,Cancer Diagnosis and Staging: Understanding Your Reports
guides,how-to-get-your-medical-records-for-an-international-second-opinion,How to Get Your Medical Records for an International Second Opinion,Yes,Support Page,Cancer Diagnosis and Staging: Understanding Your Reports
insights,genomic-profiling-ngs-cancer-patient-guide,Genomic Profiling and Next-Generation Sequencing in Cancer,Yes,Support Page,Cancer Diagnosis and Staging: Understanding Your Reports
insights,checkpoint-inhibitors-explained,Checkpoint Inhibitors Explained,Yes,Support Page,Cancer Immunotherapy
insights,clinical-trials-in-immunotherapy,Clinical Trials in Immunotherapy,Yes,Support Page,Cancer Immunotherapy
insights,combination-immunotherapy-approaches,Combination Immunotherapy Approaches,Yes,Support Page,Cancer Immunotherapy
insights,cost-of-immunotherapy-worldwide,Cost of Immunotherapy Worldwide,Yes,Support Page,Cancer Immunotherapy
insights,eligibility-for-immunotherapy,Eligibility for Immunotherapy,Yes,Support Page,Cancer Immunotherapy
insights,future-of-cancer-immunotherapy,Future of Cancer Immunotherapy,Yes,Support Page,Cancer Immunotherapy
insights,how-immunotherapy-works,How Immunotherapy Works,Yes,Support Page,Cancer Immunotherapy
insights,immune-related-adverse-events,Immune-Related Adverse Events,Yes,Support Page,Cancer Immunotherapy
insights,immunotherapy-for-bladder-cancer,Immunotherapy for Bladder Cancer,Yes,Support Page,Cancer Immunotherapy
insights,immunotherapy-for-colorectal-cancer,Immunotherapy for Colorectal Cancer,Yes,Support Page,Cancer Immunotherapy
insights,immunotherapy-for-kidney-cancer,Immunotherapy for Kidney Cancer,Yes,Support Page,Cancer Immunotherapy
insights,immunotherapy-for-lung-cancer,Immunotherapy for Lung Cancer,Yes,Support Page,Cancer Immunotherapy
insights,immunotherapy-for-melanoma,Immunotherapy for Melanoma,Yes,Support Page,Cancer Immunotherapy
insights,monoclonal-antibodies-in-cancer,Monoclonal Antibodies in Cancer,Yes,Support Page,Cancer Immunotherapy
insights,side-effects-of-immunotherapy,Side Effects of Immunotherapy,Yes,Support Page,Cancer Immunotherapy
insights,success-rates-of-immunotherapy,Success Rates of Immunotherapy,Yes,Support Page,Cancer Immunotherapy
insights,types-of-cancer-immunotherapy,Types of Cancer Immunotherapy,Yes,Support Page,Cancer Immunotherapy
insights,what-is-cancer-immunotherapy,What is Cancer Immunotherapy?,Yes,Support Page,Cancer Immunotherapy
treatments,immunotherapy,Cancer Immunotherapy,Yes,PILLAR PAGE,Cancer Immunotherapy
insights,clinical-trials-in-cancer,Clinical Trials in Cancer: A Complete Patient Guide,Yes,PILLAR PAGE,Clinical Trials in Cancer
insights,benefits-and-risks-of-clinical-trials,Benefits and Risks of Clinical Trials,Yes,Support Page,Clinical Trials in Cancer
insights,clinical-trials-at-leading-cancer-centers,Clinical Trials at Leading Cancer Centers,Yes,Support Page,Clinical Trials in Cancer
insights,clinical-trials-for-pediatric-cancer,Clinical Trials for Pediatric Cancer,Yes,Support Page,Pediatric Cancer Advanced Therapy
insights,clinical-trials-for-rare-cancers,Clinical Trials for Rare Cancers,Yes,Support Page,Rare Cancer Treatments
insights,clinical-trials-stage-4-cancer,Clinical Trials for Stage 4 Cancer,Yes,Support Page,Clinical Trials in Cancer
insights,compassionate-use-programs,Compassionate Use Programs,Yes,Support Page,Clinical Trials in Cancer
insights,cost-of-participating-in-clinical-trials,Cost of Participating in Clinical Trials,Yes,Support Page,Clinical Trials in Cancer
insights,eligibility-for-clinical-trials,Eligibility for Clinical Trials,Yes,Support Page,Clinical Trials in Cancer
insights,expanded-access-programs,Expanded Access Programs,Yes,Support Page,Clinical Trials in Cancer
insights,how-cancerfax-helps-with-trial-access,How CancerFax Helps with Trial Access,Yes,Support Page,Clinical Trials in Cancer
insights,how-results-are-measured-in-clinical-trials,How Results Are Measured in Clinical Trials,Yes,Support Page,Clinical Trials in Cancer
insights,how-to-apply-for-a-clinical-trial,How to Apply for a Clinical Trial,Yes,Support Page,Clinical Trials in Cancer
insights,how-to-find-a-clinical-trial,How to Find a Clinical Trial,Yes,Support Page,Clinical Trials in Cancer
insights,international-clinical-trials,International Clinical Trials,Yes,Support Page,Clinical Trials in Cancer
insights,patient-rights-in-clinical-trials,Patient Rights in Clinical Trials,Yes,Support Page,Clinical Trials in Cancer
insights,phases-of-clinical-trials-explained,Phases of Clinical Trials Explained,Yes,Support Page,Clinical Trials in Cancer
insights,placebo-in-cancer-trials,Placebo in Cancer Trials,Yes,Support Page,Clinical Trials in Cancer
insights,questions-to-ask-about-clinical-trials,Questions to Ask About Clinical Trials,Yes,Support Page,Clinical Trials in Cancer
insights,travel-support-for-clinical-trials,Travel Support for Clinical Trials,Yes,Support Page,Clinical Trials in Cancer
insights,what-are-cancer-clinical-trials,What Are Cancer Clinical Trials?,Yes,Support Page,Clinical Trials in Cancer
treatments,gamma-delta-t-cell-therapy,Gamma Delta T-Cell Therapy,Yes,PILLAR PAGE,Gamma Delta Cell therapy
insights,d2-gastrectomy-vs-d1-gastric-cancer,D2 Gastrectomy vs D1: Why Surgical Technique Matters in Gastric Cancer,Yes,Support Page,Gastric and Oesophageal Cancer Treatment
insights,trastuzumab-deruxtecan-for-gastric-cancer,Trastuzumab Deruxtecan (T-DXd) for HER2-Positive Gastric Cancer,Yes,Support Page,Gastric and Oesophageal Cancer Treatment
treatments,gendicine-gene-therapy,Gendicine Gene Therapy,Yes,PILLAR PAGE,Gendicine: Gene Therapy for Cancer
guides,gene-therapy-for-leukemia,Gene Therapy for Leukemia,Yes,Support Page,Gene Therapy for Cancer
guides,gene-therapy-for-rare-cancers,Gene Therapy for Rare Cancers,Yes,Support Page,Gene Therapy for Cancer
guides,gene-therapy-for-solid-tumors,Gene Therapy for Solid Tumors,Yes,Support Page,Gene Therapy for Cancer
insights,clinical-trials-in-gene-therapy,Clinical Trials in Gene Therapy,Yes,Support Page,Gene Therapy for Cancer
insights,cost-of-gene-therapy-worldwide,Cost of Gene Therapy Worldwide,Yes,Support Page,Gene Therapy for Cancer
insights,countries-offering-gene-therapy,Countries Offering Gene Therapy,Yes,Support Page,Gene Therapy for Cancer
insights,crispr-in-cancer-treatment,CRISPR in Cancer Treatment,Yes,Support Page,Gene Therapy for Cancer
insights,eligibility-for-gene-therapy,Eligibility for Gene Therapy,Yes,Support Page,Gene Therapy for Cancer
insights,future-of-gene-therapy,Future of Gene Therapy in Cancer,Yes,Support Page,Gene Therapy for Cancer
insights,gene-editing-vs-gene-replacement,Gene Editing vs Gene Replacement,Yes,Support Page,Gene Therapy for Cancer
insights,gene-therapy-treatment-process,Gene Therapy Treatment Process,Yes,Support Page,Gene Therapy for Cancer
insights,gene-therapy-vs-cart-therapy,Gene Therapy vs CAR-T Therapy,Yes,Support Page,Gene Therapy for Cancer
insights,how-gene-therapy-works,How Gene Therapy Works,Yes,Support Page,Gene Therapy for Cancer
insights,questions-to-ask-about-gene-therapy,Questions to Ask About Gene Therapy,Yes,Support Page,Gene Therapy for Cancer
insights,side-effects-of-gene-therapy,Side Effects of Gene Therapy,Yes,Support Page,Gene Therapy for Cancer
insights,success-rates-of-gene-therapy,Success Rates of Gene Therapy,Yes,Support Page,Gene Therapy for Cancer
insights,tests-before-gene-therapy,Tests Before Gene Therapy,Yes,Support Page,Gene Therapy for Cancer
insights,types-of-gene-therapy-in-oncology,Types of Gene Therapy in Oncology,Yes,Support Page,Gene Therapy for Cancer
insights,viral-vectors-in-gene-therapy,Viral Vectors in Gene Therapy,Yes,Support Page,Gene Therapy for Cancer
insights,what-is-gene-therapy-for-cancer,What is Gene Therapy for Cancer?,Yes,Support Page,Gene Therapy for Cancer
guides,gene-therapy-for-inherited-blood-disorders,Gene Therapy for Inherited Blood Disorders: Beyond Thalassaemia,Yes,PILLAR PAGE,Gene Therapy for Inherited Blood Disorders: Beyond Thalassaemia
treatments,gene-therapy-for-thalassaemia-and-sickle-cell-disease,Gene Therapy: Thalassaemia & SCD,Yes,PILLAR PAGE,Gene therapy for Thallasemia and Sickle Cell Anemia
guides,second-opinions-from-international-experts,Second Opinions from International Experts,Yes,Support Page,International Cancer Treatment
guides,integrative-oncology-combining-cancer-treatment-supportive-care,Integrative Oncology: Combining Modern Cancer Treatment with Supportive Care,Yes,PILLAR PAGE,Integrative Oncology: Combining Modern Cancer Treatment with Supportive Care
insights,cancer-survivorship-late-effects,Survivorship After Cancer Treatment: Managing Late Effects,Yes,Support Page,Integrative Oncology: Combining Modern Cancer Treatment with Supportive Care
guides,international-cancer-treatment-china,International Cancer Treatment: Why Patients Travel and Why China Leads,Yes,PILLAR PAGE,International Cancer Treatment
guides,cost-comparison-of-treatment-worldwide,Cost Comparison of Treatment Worldwide,Yes,Support Page,International Cancer Treatment
guides,how-cancerfax-facilitates-international-treatment,How CancerFax Facilitates International Treatment,Yes,Support Page,International Cancer Treatment
guides,how-to-choose-a-hospital-abroad,How to Choose a Hospital Abroad,Yes,Support Page,International Cancer Treatment
guides,insurance-and-financing-abroad,Insurance and Financing Abroad,Yes,Support Page,International Cancer Treatment
guides,language-and-communication-abroad,Language and Communication Abroad,Yes,Support Page,International Cancer Treatment
guides,medical-visa-for-cancer-treatment,Medical Visa for Cancer Treatment,Yes,Support Page,International Cancer Treatment
guides,top-countries-for-cancer-treatment,Top Countries for Cancer Treatment,Yes,Support Page,International Cancer Treatment
guides,travel-and-accommodation-for-patients,Travel and Accommodation for Patients,Yes,Support Page,International Cancer Treatment
guides,why-patients-seek-cancer-treatment-abroad,Why Patients Seek Cancer Treatment Abroad,Yes,Support Page,International Cancer Treatment
guides,liver-cancer-treatment,"Liver Cancer Treatment: Surgery, TACE, and Advanced Therapies",Yes,PILLAR PAGE,"Liver Cancer Treatment: Surgery, TACE, and Advanced Therapies"
insights,liver-resection-for-colorectal-metastases,Liver Resection for Colorectal Metastases: Who Is a Candidate?,Yes,Support Page,"Liver Cancer Treatment: Surgery, TACE, and Advanced Therapies"
guides,lung-cancer-treatment,Lung Cancer Treatment: A Complete Patient Guide,Yes,PILLAR PAGE,Lung Cancer Treatment: A guide for the patient
insights,cancers-treated-with-oncolytic-virus-therapy,Cancers Treated with Oncolytic Virus Therapy,Yes,Support Page,Oncolytic Virus Therapy
insights,clinical-trials-oncolytic-virus-therapy,Clinical Trials in Oncolytic Virus Therapy,Yes,Support Page,Oncolytic Virus Therapy
insights,cost-oncolytic-virus-treatment,Cost of Oncolytic Virus Treatment,Yes,Support Page,Oncolytic Virus Therapy
insights,eligibility-for-oncolytic-virus-therapy,Eligibility for Oncolytic Virus Therapy,Yes,Support Page,Oncolytic Virus Therapy
insights,fda-approved-oncolytic-virus-therapies,FDA-Approved Oncolytic Virus Therapies,Yes,Support Page,Oncolytic Virus Therapy
insights,future-of-oncolytic-virus-research,Future of Oncolytic Virus Research,Yes,Support Page,Oncolytic Virus Therapy
insights,how-oncolytic-viruses-work,How Oncolytic Viruses Work,Yes,Support Page,Oncolytic Virus Therapy
insights,oncolytic-virus-for-brain-tumors,Oncolytic Virus for Brain Tumors,Yes,Support Page,Oncolytic Virus Therapy
insights,oncolytic-virus-for-liver-cancer,Oncolytic Virus for Liver Cancer,Yes,Support Page,Oncolytic Virus Therapy
insights,oncolytic-virus-for-melanoma,Oncolytic Virus for Melanoma,Yes,Support Page,Oncolytic Virus Therapy
insights,oncolytic-virus-vs-chemotherapy,Oncolytic Virus vs Chemotherapy,Yes,Support Page,Oncolytic Virus Therapy
insights,oncolytic-virus-vs-immunotherapy,Oncolytic Virus vs Immunotherapy,Yes,Support Page,Oncolytic Virus Therapy
insights,questions-to-ask-oncolytic-virus-therapy,Questions to Ask About Oncolytic Virus Therapy,Yes,Support Page,Oncolytic Virus Therapy
insights,safety-profile-for-oncolytic-viruses,Safety Profile of Oncolytic Viruses,Yes,Support Page,Oncolytic Virus Therapy
insights,side-effects-of-oncolytic-virus-therapy,Side Effects of Oncolytic Virus Therapy,Yes,Support Page,Oncolytic Virus Therapy
insights,success-rate-of-oncolytic-virus-therapy,Success Rates of Oncolytic Virus Therapy,Yes,Support Page,Oncolytic Virus Therapy
insights,treatment-process-oncolytic-virus-therapy,Treatment Process for Oncolytic Virus Therapy,Yes,Support Page,Oncolytic Virus Therapy
insights,types-of-oncolytic-viruses-used,Types of Oncolytic Viruses Used,Yes,Support Page,Oncolytic Virus Therapy
insights,what-is-oncolytic-virus-therapy,What is Oncolytic Virus Therapy?,Yes,Support Page,Oncolytic Virus Therapy
treatments,oncolytic-virus-therapy,Oncolytic Virus Therapy,Yes,PILLAR PAGE,Oncolytic Virus Therapy
insights,advanced-treatments-for-childhood-cancer,Advanced Treatments for Childhood Cancer,Yes,Support Page,Pediatric Cancer Advanced Therapy
insights,cart-for-pediatric-leukemia,CAR-T for Pediatric Leukemia,Yes,Support Page,Pediatric Cancer Advanced Therapy
insights,cost-of-pediatric-cancer-treatment,Cost of Pediatric Cancer Treatment,Yes,Support Page,Pediatric Cancer Advanced Therapy
insights,eligibility-for-pediatric-advanced-therapy,Eligibility for Pediatric Advanced Therapy,Yes,Support Page,Pediatric Cancer Advanced Therapy
insights,emotional-support-for-pediatric-patients,Emotional Support for Pediatric Patients,Yes,Support Page,Pediatric Cancer Advanced Therapy
insights,gene-therapy-for-children-with-cancer,Gene Therapy for Children with Cancer,Yes,Support Page,Pediatric Cancer Advanced Therapy
insights,immunotherapy-for-pediatric-cancer,Immunotherapy for Pediatric Cancer,Yes,Support Page,Pediatric Cancer Advanced Therapy
insights,international-centers-for-pediatric-cancer,International Centers for Pediatric Cancer,Yes,Support Page,Pediatric Cancer Advanced Therapy
insights,long-term-effects-of-childhood-cancer-therapy,Long-Term Effects of Childhood Cancer Therapy,Yes,Support Page,Pediatric Cancer Advanced Therapy
insights,most-common-cancers-in-children,Most Common Cancers in Children,Yes,Support Page,Pediatric Cancer Advanced Therapy
insights,pediatric-cancer-at-specialized-centers,Pediatric Cancer at Specialized Centers,Yes,Support Page,Pediatric Cancer Advanced Therapy
insights,pediatric-cancer-survival-rates,Pediatric Cancer Survival Rates,Yes,Support Page,Pediatric Cancer Advanced Therapy
insights,questions-for-pediatric-oncologists,Questions for Pediatric Oncologists,Yes,Support Page,Pediatric Cancer Advanced Therapy
insights,second-opinion-for-pediatric-cancer,Second Opinion for Pediatric Cancer,Yes,Support Page,Pediatric Cancer Advanced Therapy
insights,side-effects-in-pediatric-patients,Side Effects in Pediatric Patients,Yes,Support Page,Pediatric Cancer Advanced Therapy
insights,stem-cell-therapy-for-children,Stem Cell Therapy for Children,Yes,Support Page,Pediatric Cancer Advanced Therapy
insights,support-for-families-of-pediatric-patients,Support for Families of Pediatric Patients,Yes,Support Page,Pediatric Cancer Advanced Therapy
insights,tests-before-pediatric-cancer-treatment,Tests Before Pediatric Cancer Treatment,Yes,Support Page,Pediatric Cancer Advanced Therapy
insights,what-is-pediatric-cancer,What is Pediatric Cancer?,Yes,Support Page,Pediatric Cancer Advanced Therapy
guides,pediatric-cancer-advanced-treatment,Pediatric Cancer Advanced Treatment: A Complete Guide for Families,Yes,PILLAR PAGE,Pediatric Cancer Advanced Treatment
guides,precision-oncology-ngs-testing,Precision Oncology & NGS Testing: A Complete Patient Guide,Yes,PILLAR PAGE,Precision Oncology &amp; NGS Testing
insights,clinical-trials-based-on-mutations,Clinical Trials Based on Mutations,Yes,Support Page,Precision Oncology & NGS Testing
insights,genes-commonly-tested-in-cancer,Genes Commonly Tested in Cancer,Yes,Support Page,Precision Oncology & NGS Testing
insights,genomic-testing-breast-cancer,Genomic Testing for Breast Cancer,Yes,Support Page,Precision Oncology & NGS Testing
insights,genomic-testing-colorectal-cancer,Genomic Testing for Colorectal Cancer,Yes,Support Page,Precision Oncology & NGS Testing
insights,genomic-testing-lung-cancer,Genomic Testing for Lung Cancer,Yes,Support Page,Precision Oncology & NGS Testing
insights,how-ngs-changes-cancer-treatment,How NGS Changes Cancer Treatment,Yes,Support Page,Precision Oncology & NGS Testing
insights,hrd-testing-explained,HRD Testing Explained,Yes,Support Page,Precision Oncology & NGS Testing
insights,limitations-of-genomic-testing,Limitations of Genomic Testing,Yes,Support Page,Precision Oncology & NGS Testing
insights,liquid-biopsy-explained,Liquid Biopsy Explained,Yes,Support Page,Precision Oncology & NGS Testing
insights,msi-testing-explained,MSI Testing Explained,Yes,Support Page,Precision Oncology & NGS Testing
insights,ngs-reports-explained,NGS Reports Explained,Yes,Support Page,Precision Oncology & NGS Testing
insights,ngs-testing-cost-worldwide,NGS Testing Cost Worldwide,Yes,Support Page,Precision Oncology & NGS Testing
insights,ngs-testing-for-rare-cancers,NGS Testing for Rare Cancers,Yes,Support Page,Precision Oncology &amp; NGS Testing
insights,ngs-vs-single-gene-testing,NGS vs Single Gene Testing,Yes,Support Page,Precision Oncology & NGS Testing
insights,questions-to-ask-about-ngs-testing,Questions to Ask About NGS Testing,Yes,Support Page,Precision Oncology &amp; NGS Testing
insights,targeted-therapy-based-on-ngs-results,Targeted Therapy Based on NGS Results,Yes,Support Page,Precision Oncology &amp; NGS Testing
insights,tumor-mutation-burden-explained,Tumor Mutation Burden (TMB) Explained,Yes,Support Page,Precision Oncology &amp; NGS Testing
insights,what-is-ngs-testing,What Is NGS Testing?,Yes,Support Page,Precision Oncology & NGS Testing
insights,what-is-precision-oncology,What Is Precision Oncology?,Yes,Support Page,Precision Oncology & NGS Testing
insights,when-should-patients-do-ngs-testing,When Should Patients Do NGS Testing?,Yes,Support Page,Precision Oncology &amp; NGS Testing
guides,prostate-cancer-advanced-treatment,Prostate Cancer Advanced Treatment: A Complete Patient Guide,Yes,PILLAR PAGE,Prostate Cancer Advanced Treatment
guides,lu-177-psma-theranostics-prrt-in-india,"Lu-177 PSMA Therapy, Theranostics and PRRT in India",Yes,Support Page,Prostate Cancer Advanced Treatment
treatments,proton-therapy,Proton Beam Therapy,Yes,PILLAR PAGE,Proton therapy
treatments,carbon-ion-therapy,Carbon Ion Therapy: The Complete Patient Guide,Yes,Support Page,Proton therapy
insights,stereotactic-radiosurgery-brain-cancer,Stereotactic Radiosurgery and Radiotherapy for Brain Cancer,Yes,Support Page,Radiation therapy
treatments,radiation-therapy,Radiation Therapy,Yes,PILLAR PAGE,Radiation therapy
treatments,radioligand-therapy-theranostics,Radioligand Therapy & Theranostics,Yes,PILLAR PAGE,Radioligand Therapy and Theranostics in Cancer
treatments,actinium-225-therapy,Actinium-225 Therapy: Targeted Alpha Therapy for Advanced Cancer,Yes,Support Page,Radioligand Therapy and Theranostics in Cancer
treatments,lu-177-psma-prostate-cancer,Lu-177 PSMA Radioligand Therapy for Advanced Prostate Cancer,Yes,Support Page,Radioligand Therapy and Theranostics in Cancer
treatments,lutetium-therapy,Lutetium-177 (Lu-177) Radioligand Therapy: PSMA-Targeted and DOTATATE-Targeted Theranostics,Yes,Support Page,Radioligand Therapy and Theranostics in Cancer
guides,rare-cancer-treatments,Rare Cancer Treatments: A Complete Guide for Patients,Yes,PILLAR PAGE,Rare Cancer Treatments
insights,adrenocortical-carcinoma-treatment,Adrenocortical Carcinoma Treatment,Yes,Support Page,Rare Cancer Treatments
insights,challenges-in-treating-rare-cancers,Challenges in Treating Rare Cancers,Yes,Support Page,Rare Cancer Treatments
insights,cholangiocarcinoma-treatment,Cholangiocarcinoma Treatment,Yes,Support Page,Rare Cancer Treatments
insights,cost-of-rare-cancer-treatment,Cost of Rare Cancer Treatment,Yes,Support Page,Rare Cancer Treatments
insights,gallbladder-cancer-treatment,Gallbladder Cancer Treatment,Yes,Support Page,Rare Cancer Treatments
insights,genomic-testing-for-rare-cancers,Genomic Testing for Rare Cancers,Yes,Support Page,Rare Cancer Treatments
insights,getting-a-second-opinion-for-rare-cancer,Getting a Second Opinion for Rare Cancer,Yes,Support Page,Rare Cancer Treatments
insights,immunotherapy-for-rare-cancers,Immunotherapy for Rare Cancers,Yes,Support Page,Rare Cancer Treatments
insights,international-experts-in-rare-cancers,International Experts in Rare Cancers,Yes,Support Page,Rare Cancer Treatments
insights,mesothelioma-advanced-treatment,Mesothelioma Advanced Treatment,Yes,Support Page,Rare Cancer Treatments
insights,neuroendocrine-tumor-treatment,Neuroendocrine Tumor Treatment,Yes,Support Page,Rare Cancer Treatments
insights,orphan-drug-designations-explained,Orphan Drug Designations Explained,Yes,Support Page,Rare Cancer Treatments
insights,patient-communities-for-rare-cancers,Patient Communities for Rare Cancers,Yes,Support Page,Rare Cancer Treatments
insights,questions-to-ask-about-rare-cancer,Questions to Ask About Rare Cancer,Yes,Support Page,Rare Cancer Treatments
insights,rare-brain-tumor-treatments,Rare Brain Tumor Treatments,Yes,Support Page,Rare Cancer Treatments
insights,rare-cancer-patient-support,How CancerFax Supports Rare Cancer Patients,Yes,Support Page,Rare Cancer Treatments
insights,sarcoma-treatment-options,Sarcoma Treatment Options,Yes,Support Page,Rare Cancer Treatments
insights,targeted-therapy-for-rare-cancers,Targeted Therapy for Rare Cancers,Yes,Support Page,Rare Cancer Treatments
insights,what-are-rare-cancers,What Are Rare Cancers?,Yes,Support Page,Rare Cancer Treatments
insights,enhanced-recovery-after-surgery,Enhanced Recovery After Surgery (ERAS): How Modern Perioperative Care Works,Yes,Support Page,Robotic and Minimally Invasive Cancer Surgery
insights,oesophagectomy-for-oesophageal-cancer,Oesophagectomy for Oesophageal Cancer: The Procedure and Recovery,Yes,Support Page,Robotic and Minimally Invasive Cancer Surgery
insights,total-mesorectal-excision,Total Mesorectal Excision (TME) for Rectal Cancer: What Patients Need to Know,Yes,Support Page,Robotic and Minimally Invasive Cancer Surgery
treatments,robotic-minimally-invasive-cancer-surgery,Robotic & Minimally Invasive Cancer Surgery,Yes,PILLAR PAGE,Robotic and Minimally Invasive Cancer Surgery
guides,stage-4-cancer-treatment,"Stage 4 Cancer Treatment: A Complete, Honest Guide for Patients and Families",Yes,PILLAR PAGE,Stage 4 Cancer Treatment
insights,can-stage-4-cancer-be-treated,Can Stage 4 Cancer Be Treated?,Yes,Support Page,Stage 4 Cancer Treatment
insights,cost-stage-4-cancer-treatment,Cost of Stage 4 Cancer Treatment,Yes,Support Page,Stage 4 Cancer Treatment
insights,immunotherapy-for-stage-4-cancer,Immunotherapy for Stage 4 Cancer,Yes,Support Page,Stage 4 Cancer Treatment
insights,international-treatment-options-stage-4-cancer,International Treatment Options for Stage 4 Cancer,Yes,Support Page,Stage 4 Cancer Treatment
insights,managing-pain-in-stage-4-cancer,Managing Pain in Stage 4 Cancer,Yes,Support Page,Stage 4 Cancer Treatment
insights,mental-health-stage-4-cancer,Mental Health Support for Stage 4 Cancer Patients,Yes,Support Page,Stage 4 Cancer Treatment
insights,nutrition-stage-4-cancer,Nutrition for Stage 4 Cancer Patients,Yes,Support Page,Stage 4 Cancer Treatment
insights,palliative-care-vs-curative-treatment,Palliative Care vs Curative Treatment,Yes,Support Page,Stage 4 Cancer Treatment
insights,quality-of-life-stage-4-cancer,Quality of Life with Stage 4 Cancer,Yes,Support Page,Stage 4 Cancer Treatment
insights,stage-4-breast-cancer-treatment,Stage 4 Breast Cancer Treatment,Yes,Support Page,Stage 4 Cancer Treatment
insights,stage-4-colorectal-cancer-treatment,Stage 4 Colorectal Cancer Treatment,Yes,Support Page,Stage 4 Cancer Treatment
insights,stage-4-liver-cancer-treatment,Stage 4 Liver Cancer Treatment,Yes,Support Page,Stage 4 Cancer Treatment
insights,stage-4-lung-cancer-treatment,Stage 4 Lung Cancer Treatment,Yes,Support Page,Stage 4 Cancer Treatment
insights,stage-4-ovarian-cancer-treatment,Stage 4 Ovarian Cancer Treatment,Yes,Support Page,Stage 4 Cancer Treatment
insights,stage-4-pancreatic-cancer-treatment,Stage 4 Pancreatic Cancer Treatment,Yes,Support Page,Stage 4 Cancer Treatment
insights,stage-4-prostate-cancer-treatment,Stage 4 Prostate Cancer Treatment,Yes,Support Page,Stage 4 Cancer Treatment
insights,targeted-therapy-for-stage-4-cancer,Targeted Therapy for Stage 4 Cancer,Yes,Support Page,Stage 4 Cancer Treatment
insights,what-is-stage-4-cancer,What Is Stage 4 Cancer?,Yes,Support Page,Stage 4 Cancer Treatment
insights,autologous-vs-allogeneic-transplant,Autologous vs Allogeneic Transplant,Yes,Support Page,Stem Cell Therapy in Oncology
insights,clinical-trials-in-stem-cell-therapy,Clinical Trials in Stem Cell Therapy,Yes,Support Page,Stem Cell Therapy in Oncology
insights,conditioning-regimen-explained,Conditioning Regimen Explained,Yes,Support Page,Stem Cell Therapy in Oncology
insights,cost-of-stem-cell-transplant-worldwide,Cost of Stem Cell Transplant Worldwide,Yes,Support Page,Stem Cell Therapy in Oncology
insights,donor-matching-for-stem-cell-transplant,Donor Matching for Stem Cell Transplant,Yes,Support Page,Stem Cell Therapy in Oncology
insights,eligibility-for-stem-cell-transplant,Eligibility for Stem Cell Transplant,Yes,Support Page,Stem Cell Therapy in Oncology
insights,graft-vs-host-disease-explained,Graft vs Host Disease Explained,Yes,Support Page,Stem Cell Therapy in Oncology
insights,international-centers-for-stem-cell-therapy,International Centers for Stem Cell Therapy,Yes,Support Page,Stem Cell Therapy in Oncology
insights,questions-to-ask-before-stem-cell-transplant,Questions to Ask Before Stem Cell Transplant,Yes,Support Page,Stem Cell Therapy in Oncology
insights,recovery-after-stem-cell-transplant,Recovery After Stem Cell Transplant,Yes,Support Page,Stem Cell Therapy in Oncology
insights,side-effects-of-stem-cell-transplant,Side Effects of Stem Cell Transplant,Yes,Support Page,Stem Cell Therapy in Oncology
insights,stem-cell-therapy-for-aplastic-anemia,Stem Cell Therapy for Aplastic Anemia,Yes,Support Page,Stem Cell Therapy in Oncology
insights,stem-cell-therapy-for-leukemia,Stem Cell Therapy for Leukemia,Yes,Support Page,Stem Cell Therapy in Oncology
insights,stem-cell-therapy-for-lymphoma,Stem Cell Therapy for Lymphoma,Yes,Support Page,Stem Cell Therapy in Oncology
insights,stem-cell-therapy-for-multiple-myeloma,Stem Cell Therapy for Multiple Myeloma,Yes,Support Page,Stem Cell Therapy in Oncology
insights,stem-cell-therapy-vs-cart-therapy,Stem Cell Therapy vs CAR-T Therapy,Yes,Support Page,Stem Cell Therapy in Oncology
insights,stem-cell-transplant-process,The Stem Cell Transplant Process,Yes,Support Page,Stem Cell Therapy in Oncology
insights,success-rates-of-stem-cell-transplant,Success Rates of Stem Cell Transplant,Yes,Support Page,Stem Cell Therapy in Oncology
insights,types-of-stem-cell-transplants,Types of Stem Cell Transplants,Yes,Support Page,Stem Cell Therapy in Oncology
insights,what-is-stem-cell-therapy-in-cancer,What is Stem Cell Therapy in Cancer?,Yes,Support Page,Stem Cell Therapy in Oncology
insights,cancers-treated-with-til-therapy,Which Cancers Can Be Treated with TIL Therapy?,Yes,Support Page,TIL Therapy
insights,clinical-trials-in-til-therapy,"Clinical Trials in TIL Therapy: How to Find Them, What to Expect, and Why They Matter",Yes,Support Page,TIL Therapy
insights,cost-of-til-therapy,Cost of TIL Therapy: A Realistic Look at the Financial Picture,Yes,Support Page,TIL Therapy
insights,eligibility-for-til-therapy,TIL Therapy Eligibility: How to Know If You Might Qualify,Yes,Support Page,TIL Therapy
insights,fda-approval-of-til-therapy,"FDA Approval of TIL Therapy: What Is Approved, What Is Not, and What It Means",Yes,Support Page,TIL Therapy
insights,future-of-til-research,Future of TIL Research: Where the Science Is Heading,Yes,Support Page,TIL Therapy
insights,how-til-therapy-works,How TIL Therapy Works — Step by Step,Yes,Support Page,TIL Therapy
insights,lymphodepletion-before-til-therapy,Lymphodepletion Before TIL Therapy: The Step That Surprises Patients and Why It Makes Sense,Yes,Support Page,TIL Therapy
insights,questions-to-ask-before-til-treatment,Questions to Ask Before TIL Treatment: What to Bring Into Every Specialist Conversation,Yes,Support Page,TIL Therapy
insights,side-effects-of-til-therapy,Side Effects of TIL Therapy: What Patients Actually Experience,Yes,Support Page,TIL Therapy
insights,success-rates-of-til-therapy,Success Rates of TIL Therapy: Reading the Numbers Honestly,Yes,Support Page,TIL Therapy
insights,til-cell-expansion-in-laboratory,TIL Cell Expansion in the Laboratory: What Is Actually Happening During Those Weeks,Yes,Support Page,TIL Therapy
insights,til-therapy-for-melanoma,TIL Therapy for Melanoma — What Patients Need to Know,Yes,Support Page,TIL Therapy
insights,til-therapy-treatment-process,The TIL Therapy Treatment Process: A Realistic Step-by-Step Picture,Yes,Support Page,TIL Therapy
insights,til-vs-immunotherapy,TIL Therapy vs Immunotherapy — How Are They Different?,Yes,Support Page,TIL Therapy
insights,tumor-tissue-collection,Tumor Tissue Collection for TIL Therapy: Why This Step Shapes Everything That Follows,Yes,Support Page,TIL Therapy
treatments,til-therapy,TIL Therapy,Yes,PILLAR PAGE,TIL Therapy
insights,access-to-targeted-therapy-abroad,Access to Targeted Therapy Abroad,Yes,Support Page,Targeted Therapy
insights,biomarker-testing-targeted-therapy,Biomarker Testing Before Targeted Therapy,Yes,Support Page,Targeted Therapy
insights,clinical-trials-in-targeted-therapy,Clinical Trials in Targeted Therapy,Yes,Support Page,Targeted Therapy
insights,cost-of-targeted-therapy-worldwide,Cost of Targeted Therapy Worldwide,Yes,Support Page,Targeted Therapy
insights,drug-resistance-targeted-therapy,Drug Resistance in Targeted Therapy,Yes,Support Page,Targeted Therapy
insights,future-of-targeted-therapy,Future of Targeted Therapy,Yes,Support Page,Targeted Therapy
insights,how-long-does-targeted-therapy-work,How Long Does Targeted Therapy Work?,Yes,Support Page,Targeted Therapy
insights,how-targeted-therapy-works,How Targeted Therapy Works,Yes,Support Page,Targeted Therapy
insights,managing-side-effects-of-targeted-drugs,Managing Side Effects of Targeted Drugs,Yes,Support Page,Targeted Therapy
insights,side-effects-of-targeted-therapy,Side Effects of Targeted Therapy,Yes,Support Page,Targeted Therapy
insights,success-rate-of-targeted-therapy,Success Rates of Targeted Therapy,Yes,Support Page,Targeted Therapy
insights,targeted-therapy-for-breast-cancer,Targeted Therapy for Breast Cancer (HER2),Yes,Support Page,Targeted Therapy
insights,targeted-therapy-for-colorectal-cancer,"Targeted Therapy for Colorectal Cancer (RAS, BRAF)",Yes,Support Page,Targeted Therapy
insights,targeted-therapy-for-leukemia,Targeted Therapy for Leukemia (BCR-ABL),Yes,Support Page,Targeted Therapy
insights,targeted-therapy-for-lung-cancer,"Targeted Therapy for Lung Cancer (EGFR, ALK)",Yes,Support Page,Targeted Therapy
insights,targeted-therapy-for-melanoma,Targeted Therapy for Melanoma (BRAF/MEK),Yes,Support Page,Targeted Therapy
insights,targeted-therapy-vs-chemotherapy,Targeted Therapy vs Chemotherapy,Yes,Support Page,Targeted Therapy
insights,types-of-targeted-therapy-drugs,Types of Targeted Therapy Drugs,Yes,Support Page,Targeted Therapy
insights,what-is-targeted-therapy,What Is Targeted Therapy?,Yes,Support Page,Targeted Therapy
treatments,targeted-therapy,Targeted Therapy,Yes,PILLAR PAGE,Targeted Therapy
insights,approved-cancer-vaccines,Approved Cancer Vaccines,Yes,Support Page,Tumor Therapeutic Vaccines
insights,cancer-vaccines-for-breast-cancer,Cancer Vaccines for Breast Cancer,Yes,Support Page,Tumor Therapeutic Vaccines
insights,cancer-vaccines-for-lung-cancer,Cancer Vaccines for Lung Cancer,Yes,Support Page,Tumor Therapeutic Vaccines
insights,cancer-vaccines-for-melanoma,Cancer Vaccines for Melanoma,Yes,Support Page,Tumor Therapeutic Vaccines
insights,clinical-trials-for-cancer-vaccines,Clinical Trials for Cancer Vaccines,Yes,Support Page,Tumor Therapeutic Vaccines
insights,cost-of-cancer-vaccine-therapy,Cost of Cancer Vaccine Therapy,Yes,Support Page,Tumor Therapeutic Vaccines
insights,eligibility-for-vaccine-therapy,Eligibility for Vaccine Therapy,Yes,Support Page,Tumor Therapeutic Vaccines
insights,future-of-cancer-vaccines,Future of Cancer Vaccines,Yes,Support Page,Tumor Therapeutic Vaccines
insights,neoantigen-vaccines,Neoantigen Vaccines,Yes,Support Page,Tumor Therapeutic Vaccines
insights,side-effects-of-cancer-vaccines,Side Effects of Cancer Vaccines,Yes,Support Page,Tumor Therapeutic Vaccines
insights,vaccine-treatment-process,Vaccine Treatment Process,Yes,Support Page,Tumor Therapeutic Vaccines
treatments,tumor-therapeutic-vaccines,Tumor Therapeutic Vaccines,Yes,PILLAR PAGE,Tumor Therapeutic Vaccines
treatments,cancer-vaccines,"Cancer Vaccines: Preventive and Therapeutic Vaccines, Personalized Neoantigen Science, and Global Treatment Access",Yes,Support Page,Tumor Therapeutic Vaccines
treatments,m-rna-vaccine,mRNA Vaccines in Cancer Treatment,Yes,Support Page,Tumor Therapeutic Vaccines
guides,acute-lymphoblastic-leukemia-treatment-in-china-patient-guide,Acute Lymphoblastic Leukaemia (ALL) Treatment in China,Yes,,
guides,advanced-cancer-treatment-eligibility,How to Know If Advanced Cancer Treatments May Be Relevant for You,Yes,,
guides,advanced-cancer-treatment-options-in-china-patient-guide,Advanced Cancer Treatment Options in China,Yes,,
guides,allogeneic-stem-cell-transplant-in-china,Allogeneic Stem Cell Transplant in China — A Patient Guide,Yes,,
guides,best-cancer-hospitals-in-india,Best Cancer Hospitals in India for International Patients,Yes,,
guides,best-oncologists-in-india,Best Oncologists in India for International Patients,Yes,,
guides,bi-specific-antibodies-for-solid-tumours-in-china,China's New Generation of Bi-Specific Antibodies: A Game Changer for Solid Tumours,Yes,,
guides,bone-and-soft-tissue-sarcoma-treatment-in-india,Bone and Soft Tissue Sarcoma Treatment in India for International Patients,Yes,,
guides,bone-marrow-transplant-in-india,Bone Marrow Transplant in India for International Patients,Yes,,
guides,bone-marrow-transplant-india-vs-china,Bone Marrow Transplant: India's Expertise vs China's Innovation,Yes,,
guides,brain-and-spinal-tumour-treatment-in-india,Brain and Spinal Tumour Treatment in India for International Patients,Yes,,
guides,breast-cancer-treatment-in-india,Breast Cancer Treatment in India for African and Middle Eastern Women,Yes,,
guides,cancer-second-opinion-apollo-hospitals,Getting a Cancer Second Opinion at Apollo Hospitals India,Yes,,
guides,cancer-second-opinion-china,"Cancer Second Opinions in China: Zhongshan, Fudan, and Sun Yat-sen",Yes,,
guides,cancer-second-opinion-costs-comparison,Cancer Second Opinion Costs: India vs China vs USA,Yes,,
guides,cancer-second-opinion-md-anderson,Getting a Second Opinion at MD Anderson: The International Patient Process,Yes,,
guides,cancer-second-opinion-tata-memorial-centre,Getting a Cancer Second Opinion at Tata Memorial Centre Mumbai,No,,
guides,cancer-treatment-cost-in-india,Cancer Treatment Cost in India for Foreign Patients: Complete Guide,No,,
guides,cancer-treatment-costs-in-china,Cancer Treatment Costs in China for International Patients,No,,
guides,cancerfax-second-opinion-process,How CancerFax Facilitates Second Opinions: From First Contact to Delivery,No,,
guides,cancerfax-services-overview,CancerFax Services Overview: From Medical Records to Discharge,Yes,,
guides,car-t-therapy-china-vs-india,"China vs India for CAR-T Therapy: Cost, Eligibility and Outcomes",No,,
guides,carvykti-ciltacabtagene-autoleucel-in-china,Carvykti (Ciltacabtagene Autoleucel) in China — Access and Pricing,Yes,,
guides,cervical-cancer-treatment-in-india,Cervical Cancer Treatment in India for International Patients,No,,
guides,china-a-global-center-for-precision-oncology,Why China Is Becoming the Global Center for Precision Oncology,No,,
guides,china-ai-native-hospitals-cancer-care,Inside China's AI-Native Hospitals: A New Era of Cancer Care Delivery,No,,
guides,china-cancer-drug-cost-advantage,China's Biotech Manufacturing Power: Why Advanced Cancer Drugs Cost 40-70% Less,No,,
guides,china-clinical-trials-oncology,How China Accelerates Clinical Trials: A Deep Dive Into Its Fast-Track Oncology Ecosystem,No,,
guides,china-gene-therapy-blood-disorders,China's Gene Therapy Boom: The New Frontier for Rare Cancers and Blood Disorders,No,,
guides,china-hybrid-immunotherapy-models,"China's Hybrid Immunotherapy Models: Combining CAR-T, TIL and Checkpoint Inhibitors",No,,
guides,china-solid-tumour-treatment-guide,Why International Patients Choose China for Advanced Solid Tumour Treatment,No,,
guides,china-vs-west-cancer-treatment,China vs the West: How China Democratised Access to Cutting-Edge Cancer Therapies,No,,
guides,chronic-lymphocytic-leukemia-treatment-options-in-china-patient-guide,Chronic Lymphocytic Leukaemia (CLL) Treatment Options in China,No,,
guides,colorectal-cancer-treatment-guide,Colorectal Cancer Treatment Guide,No,,
guides,colorectal-cancer-treatment-in-india,Colorectal Cancer Treatment in India for International Patients,No,,
guides,combination-cancer-therapy-strategies,Combination Cancer Therapy Strategies,No,,
guides,cross-border-cancer-treatment,Cross-Border Cancer Treatment: A Practical Guide,No,,
guides,dlbcl-treatment-in-china,DLBCL Treatment in China — First and Second Line Options,No,,
guides,esophageal-cancer-treatment-in-india,Esophageal Cancer Treatment in India for International Patients,No,,
guides,follicular-lymphoma-treatment-in-china,Follicular Lymphoma Treatment in China — Including CAR-T,Yes,,
guides,gamma-knife-cyberknife-sbrt-treatment-in-india,"Gamma Knife, CyberKnife and SBRT Treatment in India",No,,
guides,gamma-knife-for-brain-tumours,Gamma Knife for Brain Tumours,No,,
guides,gastric-cancer-treatment,Gastric and Esophageal Cancer Treatment,No,,
guides,gendicine-for-head-and-neck-cancer,Gendicine for Head and Neck Cancer,No,,
guides,gendicine-liver-cancer,"Gendicine for Liver Cancer: HCC, Cholangiocarcinoma, and Hepatic Metastases",No,,
guides,gendicine-lung-cancer,Gendicine for Lung Cancer: Clinical Evidence and Access in China,No,,
guides,gene-therapy-china-india,Gene Therapy: Why China Leads and How India Complements It,No,,
guides,getting-cancer-second-opinion-abroad,Getting a Cancer Second Opinion Abroad: A Complete Guide,No,PILLAR PAGE,Getting a Cancer Second Opinion Abroad: A Complete Guide
guides,head-and-neck-cancer-treatment-in-china,Head and Neck Cancer Treatment in China,No,,
guides,head-and-neck-cancer-treatment-in-india,Head and Neck and Oral Cancer Treatment in India ,No,,
guides,high-risk-multiple-myeloma-treatment-options-in-chinese-centres,High-Risk Multiple Myeloma: Treatment Options in Chinese Centres,Yes,,
guides,hipec-in-india,"HIPEC in India: Cost, Eligibility and Hospitals for International Patients",No,,
guides,how-china-uses-ai-pathology-and-genomics,How China Uses AI Pathology and Genomics to Personalise Cancer Treatment,No,,
guides,how-china-uses-big-data,How China Uses Big Data to Predict Cancer Progression and Treatment Response,No,,
guides,how-often-second-opinions-change-treatment,How Often Do Second Opinions Change Cancer Diagnosis or Treatment Plan?,No,,
guides,how-to-choose-country-for-cancer-treatment,How to Choose the Right Country for Advanced Cancer Treatment,Yes,,
guides,how-to-know-if-cancer-treatment-is-working,How to Understand If Your Cancer Treatment Is Working,No,,
guides,how-to-send-medical-records-to-a-chinese-cancer-hospital,How to Send Medical Records to a Chinese Cancer Hospital,No,,
guides,how-to-share-a-second-opinion-with-your-treating-oncologist,How to Share a Second Opinion with Your Treating Oncologist,No,,
guides,immunotherapy-cost-in-china-india-and-thailand,Immunotherapy Costs: China vs India vs Thailand,No,,
guides,immunotherapy-in-india,Immunotherapy in India for International Cancer Patients,No,,
guides,liver-cancer-treatment-in-india,Liver Cancer Treatment in India for International Patients,No,,
guides,lung-cancer-treatment-in-india,Lung Cancer Treatment in India for International Patients,No,,
guides,mantle-cell-lymphoma-treatment-in-china,Mantle Cell Lymphoma Treatment in China ,Yes,,
guides,medical-visa-and-travel-guide-for-cancer-treatment-in-india,Medical Visa and Travel Guide for Cancer Treatment in India,No,,
guides,medical-visa-for-china,Medical Visa for China,Yes,,
guides,medulloblastoma-in-children,Medulloblastoma in Children,Yes,,
guides,meningioma-treatment,Meningioma Treatment,Yes,,
guides,mgmt-methylation-testing,MGMT Methylation Testing,Yes,,
guides,molecular-second-opinion-ngs-liquid-biopsy,"The Molecular Second Opinion: NGS, Liquid Biopsy, and Missed Targeted Therapy",No,,
guides,mrna-cancer-vaccines-in-china,China's Breakthroughs in mRNA Cancer Vaccines: What Global Patients Should Know,No,,
guides,ngs-genomic-testing-cost-in-india,NGS and Genomic Testing Cost in India for International Cancer Patients,No,,
guides,nk-t-cell-lymphoma-treatment,NK/T-Cell Lymphoma (NKTCL) Treatment ,Yes,,
guides,ovarian-cancer-treatment-in-india,Ovarian Cancer Treatment in India for International Patients,No,,
guides,palliative-care-and-supportive-therapy,Palliative Care & Supportive Therapy: A Complete Patient Guide,Yes,,
guides,pathology-slide-review-second-opinion,What Is Pathology Slide Review and Why Is It the Most Important Part of a Second Opinion?,No,,
guides,pediatric-cancer-treatment-in-india,Pediatric Cancer Treatment in India for International Patients,No,,
guides,peking-university-cancer-hospital-international-patient-guide,Peking University Cancer Hospital: International Patient Guide,No,,
guides,pet-ct-and-cancer-diagnostics-cost-in-india,PET-CT and Cancer Diagnostics Cost in India for International Patients,No,,
guides,precision-oncology-china-vs-india,Precision Oncology: China's AI vs India's Clinical Judgment,No,,
guides,prostate-cancer-treatment-in-india,Prostate Cancer Treatment in India for International Patients,No,,
guides,proton-and-carbon-ion-therapy,Proton and Carbon Ion Therapy for Brain Tumours,No,,
guides,questions-before-cancer-clinical-trial,Questions to Ask Before Enrolling in a Cancer Clinical Trial,Yes,,
guides,remote-vs-in-person-cancer-second-opinion,Remote vs In-Person Cancer Second Opinions: How to Decide,No,,
guides,robotic-cancer-surgery-in-india,Robotic Cancer Surgery in India for International Patients,No,,
guides,second-opinion-blood-cancer-china,Second Opinions for Blood Cancers: Ruijin Hospital and Peking University,No,,
guides,second-opinion-cart-therapy-eligibility,Second Opinions for CAR-T Therapy Eligibility: China vs Western Access,No,,
guides,second-opinion-paediatric-cancer,Second Opinions for Paediatric Cancers: Centres in India and China,No,,
guides,second-opinion-services-for-cancer-patients,Second Opinion Services for Cancer Patients,No,,
guides,second-opinion-unresectable-cancer,Second Opinions for Unresectable Cancer: How Specialist Review Changes the Verdict,No,,
guides,second-opinions-for-liver-cancer,Second Opinions for Liver Cancer and HCC,No,,
guides,stomach-gastric-cancer-treatment-in-india,Stomach (Gastric) Cancer Treatment in India for International Patients,No,,
guides,t-cell-lymphoma-treatment-china-cd7-car-t,T-Cell Lymphoma Treatment in China — CD7 CAR-T and Beyond,Yes,,
guides,tace-and-tare-y90-treatment-in-india,TACE and TARE (Y-90) in India: Advanced Liver-Directed Cancer Treatment,No,,
guides,targeted-therapy-ngs-in-india,Targeted Therapy and NGS Testing in India for International Cancer Patients,No,,
guides,telemedicine-cancer-consultation-abroad,Telemedicine Cancer Consultations: How to Prepare for a Video Consultation Abroad,No,,
guides,the-rise-of-changsha,The Rise of Changsha,No,,
guides,thyroid-cancer-treatment-in-india,Thyroid Cancer Treatment in India for International Patients,No,,
guides,til-therapy-china-melanoma-cervical-lung-cancer,"TIL Therapy in China for Melanoma, Cervical and Lung Cancer: A Patient Guide",No,,
guides,til-therapy-china-melanoma-cervical-lung-cancer-patient-guide,"TIL Therapy in China for Melanoma, Cervical and Lung Cancer: A Patient Guide",No,,
guides,til-therapy-china-vs-india,China vs India for TIL Therapy: Which Is Better for Solid Tumours?,No,,
guides,travelling-to-china-for-mctl-therapy,Travelling to China for MCTL Therapy: A Practical Guide,No,,
guides,what-is-cancer-second-opinion,What Is a Cancer Second Opinion and Why Should Every Patient Consider One?,No,,
guides,what-to-expect-at-a-chinese-cancer-hospital,What to Expect at a Chinese Cancer Hospital,No,,
guides,when-cancer-opinions-disagree,What to Do When Two Cancer Specialist Opinions Disagree,No,,
insights,abemaciclib-adjuvant-therapy-monarche-trial,Abemaciclib (Verzenio) Adjuvant Therapy: The monarchE Trial and Who Should Receive It,No,,
insights,abscopal-effect,The Abscopal Effect: Can Cryoablation Trigger a Systemic Anti-Tumour Response?,No,,
insights,accessing-car-t-treatment-in-china,Accessing CAR-T Treatment in China Through CancerFax,No,,
insights,accessing-car-t-treatment-in-india,Accessing CAR-T Treatment in India Through CancerFax,No,,
insights,accessing-hormone-therapy-abroad,Accessing Hormone Therapy Abroad Through CancerFax: The Navigation Process,No,,
insights,accessing-rfa-treatment-abroad,Accessing RFA Treatment in China or India Through CancerFax,No,,
insights,accessing-srs-and-sbrt-abroad,Accessing SRS and SBRT in China or India through CancerFax,No,,
insights,accessing-tace-abraod,Accessing TACE Through CancerFax: The Complete Patient Navigation Guide,No,,
insights,actinic-keratosis-pdt-field-cancerisation,Actinic Keratosis PDT: Treating Field Cancerisation of Sun-Damaged Skin,No,,
insights,adt-side-effects-management,"ADT Side Effects: Managing Bone Loss, Hot Flushes, Fatigue, and Sexual Dysfunction",No,,
insights,advanced-brain-tumor-treatment-options,Advanced Brain Tumor Treatment Options,No,,
insights,advanced-gastric-cancer-treatment-in-china,Advanced Gastric Cancer Treatment in China: Options and Access for International Patients,No,,
insights,advanced-radiation-therapy-cancer,Advanced Radiation Therapy for Cancer: A Patient Overview,No,,
insights,ai-driven-tcr-t-cell-therapy,Personalized multi-targeted AI driven TCR-T Cell therapy to treat solid tumours,No,,
insights,aiims-cmc-vellore-cart-trials,AIIMS and CMC Vellore CAR-T Programmes: Academic Trial Access for Patients,No,,
insights,ala-methyl-ala-topical-photosensitiser,ALA and Methyl-ALA (MAL): Topical Photosensitisers for Skin Cancer PDT,No,,
insights,allogeneic-car-t-in-china,Allogeneic CAR-T in China: Off-the-Shelf Trials and the Road to Access,No,,
insights,allogeneic-off-the-shelf-car-t,Allogeneic (Off-the-Shelf) CAR-T: The Next Frontier,No,,
insights,alpelisib-pik3ca-mutated-breast-cancer,Alpelisib (Piqray) for PIK3CA-Mutated Breast Cancer: Eligibility and Blood Sugar Management,No,,
insights,androgen-deprivation-therapy-adt-prostate-cancer,Androgen Deprivation Therapy (ADT) for Prostate Cancer: A Complete Patient Guide,No,,
insights,aromatase-inhibitors-comparison,"Aromatase Inhibitors: Letrozole, Anastrozole, and Exemestane Compared",No,,
insights,b-cell-aplasia-after-car-t,B-Cell Aplasia After CD19 CAR-T: IVIG Replacement and Long-Term Management,No,,
insights,barretts-oesophagus-rfa-halo-system,Barrett's Oesophagus RFA (HALO System): The Standard for Preventing Oesophageal Cancer,No,,
insights,basal-cell-carcinoma-pdt,Basal Cell Carcinoma PDT: A Non-Surgical Option for Facial and Cosmetic-Zone BCC,No,,
insights,bcma-car-t-for-multiple-myeloma-in-india,BCMA CAR-T for Multiple Myeloma in India: Current Status and Pipeline,No,,
insights,bevacizumab-recurrent-glioblastoma,Bevacizumab for Recurrent Glioblastoma,No,,
insights,bohai-biotech-mctl-therapy,Bohai Biotech MCTL: The Science and Target Library Explained,No,,
insights,bone-metastases-treatment,Bone Metastases Treatment: Pain Management and Options,No,,
insights,cancer-pain-management,Cancer Pain Management: A Complete Patient Guide,No,,
insights,cancer-surgery-china-hospitals-costs,"Cancer Surgery in China: Hospitals, Costs, and Access Guide",No,,
insights,cancer-surgery-costs-by-country,"Cancer Surgery Costs by Country: India, China, Israel, Thailand, and USA Compared",No,,
insights,cancer-vaccines-and-immunotherapy-combinations,Cancer Vaccines and Immunotherapy Combinations,Yes,,
insights,car-t-bridge-for-haplo-transplant,CAR-T as Bridge to Haploidentical Transplant for ALL in India,No,,
insights,car-t-clinical-trials-china,How International Patients Access CAR-T Trials in China,No,,
insights,car-t-cost-china-vs-usa-europe,CAR-T Costs in China vs USA and Europe: The Complete Cost Comparison,No,,
insights,car-t-for-b-cell-all-in-china,"CAR-T for Relapsed/Refractory B-Cell ALL in China: Eligibility, Outcomes, and Access",No,,
insights,car-t-for-b-cell-all-in-india,CAR-T for B-Cell ALL in India: Paediatric and Adult Programmes,No,,
insights,car-t-for-dlbcl-in-china,"CAR-T for DLBCL in China: Eligibility, Outcomes, and Access",No,,
insights,car-t-for-dlbcl-in-india,"CAR-T for DLBCL in India: Eligibility, Outcomes, and Access",No,,
insights,car-t-preparation-india,How to Prepare Medically and Logistically for CAR-T in India,No,,
insights,car-t-programme-cost-in-india,Total CAR-T Programme Cost in India: Detailed Breakdown for Patients,No,,
insights,car-t-targets-cd19-bcma-gprc5d,CD19 vs BCMA vs GPRC5D: What These CAR-T Targets Mean,No,,
insights,car-t-treatment-timeline,The CAR-T Treatment Timeline: From Leukapheresis to Discharge,No,,
insights,car-t-treatment-timeline-india,The CAR-T Treatment Timeline in India: From Consultation to Discharge,No,,
insights,caregiver-guide-glioblastoma,Caregiver Guide: Supporting a Loved One With Glioblastoma,No,,
insights,carvykti-cilta-cel-for-multiple-myeloma,Carvykti (Ciltacabtagene Autoleucel) for Multiple Myeloma: CARTITUDE Results,No,,
insights,cd19-cd22-bispecific-car-t,CD19/CD22 Bispecific CAR-T: What Patients Need to Know,No,,
insights,cd19-cd22-dual-car-t,CD19+CD22 Dual-Target CAR-T for B-Cell ALL: Preventing Antigen Escape,No,,
insights,cd19-negative-relapse-india-to-china,CD19-Negative Relapse After CAR-T: India to China Escalation Strategy,No,,
insights,china-approved-car-t-products,China's Approved CAR-T Products: What International Patients Need to Know,No,,
insights,china-hifu-leadership-haifu-programme,China HIFU Leadership: The HAIFU Programme and Clinical Evidence,No,,
insights,china-microwave-ablation-innovation-systems,China MWA Innovation: Advanced Antenna Systems and Outcomes,No,,
insights,cik-cell-manufacturing-process,How CIK Cells Are Made: The Manufacturing Process Explained,No,,
insights,cik-therapy-adjuvant-after-surgery,CIK Therapy After Cancer Surgery: Adjuvant Immune Support,No,,
insights,cik-therapy-china-hospitals-guide,CIK Therapy at Chinese Hospitals: A Guide for International Patients,No,,
insights,cik-therapy-clinical-trials,Clinical Trials in CIK Therapy: Current and Upcoming Studies,No,,
insights,cik-therapy-colorectal-cancer,CIK Therapy for Colorectal Cancer: Clinical Evidence and Combination Strategies,No,,
insights,cik-therapy-combined-chemotherapy,CIK Combined with Chemotherapy: What the Evidence Shows,No,,
insights,cik-therapy-combined-targeted-therapy,CIK Combined with Targeted Therapy: Evidence and Clinical Considerations,No,,
insights,cik-therapy-cost-china,Cost of CIK Therapy in China: A Complete Breakdown,No,,
insights,cik-therapy-evidence-base,The Evidence Base for CIK Therapy: What the Research Shows,No,,
insights,cik-therapy-gastric-cancer,"CIK Therapy for Gastric Cancer: Evidence, Combinations, and Access",No,,
insights,cik-therapy-in-china,How CancerFax Navigates CIK Therapy Access in China,No,,
insights,cik-therapy-liver-cancer-hcc,CIK Therapy for Liver Cancer (Hepatocellular Carcinoma),No,,
insights,cik-therapy-lung-cancer,"CIK Therapy for Lung Cancer: Evidence, Eligibility, and Access",No,,
insights,cik-therapy-nasopharyngeal-carcinoma,CIK Therapy for Nasopharyngeal Carcinoma: Evidence and Access,No,,
insights,cik-therapy-patient-selection,Patient Selection for CIK Therapy: Who Is a Good Candidate?,No,,
insights,cik-therapy-side-effects,Side Effects of CIK Therapy: What Patients Should Expect,No,,
insights,cik-therapy-vs-checkpoint-inhibitors,CIK Therapy vs Checkpoint Inhibitors: A Comparison for Cancer Patients,No,,
insights,cik-vs-cart-therapy,CIK vs CAR-T: Understanding the Differences for Cancer Patients,No,,
insights,clear-surgical-margin,"What Does a Clear Surgical Margin Mean, and What Happens if Mine Is Positive?",No,,
insights,clinical-trials-gastric-cancer-china,Clinical Trials for Gastric Cancer in China: Access Guide for International Patients,No,,
insights,colorectal-cancer-treatment-guide-cancerfax,Colorectal Cancer Treatment Guide,No,,
insights,cost-cancer-treatment-china,Cost of Cancer Treatment in China for International Patients,No,,
insights,crs-after-car-t,"CRS After CAR-T: Symptoms, Grading, and Treatment",No,,
insights,crs-management-india,CRS Management at Indian CAR-T Centres: Tocilizumab Biosimilar Protocols,No,,
insights,cryoablation-bone-metastases-pain-control,Cryoablation for Bone Metastases: Pain Control and Local Tumour Treatment,No,,
insights,cryoablation-breast-cancer-fibroadenoma,Cryoablation for Breast Cancer and Breast Fibroadenoma,No,,
insights,cryoablation-china-centres-costs,"Cryoablation in China: Centres, Costs, and Clinical Outcomes",No,,
insights,cryoablation-complications-management,Complications of Cryoablation: Risk Profile and Management,No,,
insights,cryoablation-cost-comparison,"Cryoablation Cost Comparison: China, India, and Western Countries",No,,
insights,cryoablation-for-lung-cancer,Cryoablation for Lung Cancer and Pulmonary Lesions,No,,
insights,cryoablation-for-prostate-cancer,Cryoablation for Prostate Cancer: Whole Gland and Focal Treatment,No,,
insights,cryoablation-india-centres-access,"Cryoablation in India: Centres, Access, and Options for South Asian Patients",No,,
insights,cryoablation-kidney-cancer-rcc,Cryoablation for Kidney Cancer (RCC): Evidence and Outcomes,No,,
insights,cryoablation-liver-tumours-hcc-metastases,Cryoablation for Liver Tumours: HCC and Hepatic Metastases,No,,
insights,cryoablation-mechanism,"How Cryoablation Kills Tumour Cells: Ice Crystals, Cell Death, and Immune Activation",No,,
insights,cryoablation-patient-navigation,Accessing Cryoablation Through CancerFax: Patient Navigation Guide,No,,
insights,cryoablation-procedure-patient-experience,What to Expect During and After Cryoablation: A Patient Guide,No,,
insights,cryoablation-vs-rfa-vs-mwa-comparison,Cryoablation vs RFA vs MWA: Which Ablation Modality Is Right for You?,No,,
insights,cryoimmunotherapy,Cryoimmunotherapy: Combining Cryoablation with Checkpoint Inhibitors,No,,
insights,cryoprobe-technology,"Cryoprobe Technology: Argon Systems, Multi-Probe Arrays, and Ice-Ball Engineering",No,,
insights,ctace-vs-deb-tace-comparison,cTACE vs DEB-TACE: Which TACE Technique Is Right for Your HCC?,No,,
insights,cytoreductive-surgery,Cytoreductive Surgery (CRS): What It Involves and What to Expect,No,,
insights,dc-cik-combination-therapy,DC-CIK Combination Therapy: The Enhanced Immune Approach to Cancer Treatment,No,,
insights,deep-regional-hyperthermia,Deep Regional Hyperthermia: Heating Tumours Inside the Pelvis and Abdomen,Yes,,
insights,dual-car-t-for-multiple-myeloma-in-china,BCMA+CD38 and BCMA+GPRC5D Dual CAR-T for Myeloma: China's Next Frontier,No,,
insights,endobiliary-rfa-for-cholangiocarcinoma,Endobiliary RFA for Cholangiocarcinoma: Improving Bile Drainage and Survival,No,,
insights,enzalutamide-vs-abiraterone-vs-darolutamide,Enzalutamide vs Abiraterone vs Darolutamide: Comparing Next-Generation Prostate Cancer Hormonal Therapies,No,,
insights,equecabtagene-autoleucel-ct053-myeloma,Equecabtagene Autoleucel (CT053): China's Domestically Approved Myeloma CAR-T,No,,
insights,er-pr-her2-status-explained-breast-cancer,"ER, PR, and HER2 Status Explained: What Your Pathology Results Mean",No,,
insights,esr1-mutations-breast-cancer-treatment,ESR1 Mutations in Breast Cancer: What They Mean and How They Change Treatment,No,,
insights,extramedullary-myeloma-car-t,Extramedullary Myeloma: Challenges and CAR-T Considerations,No,,
insights,follow-up-care-after-cancer-treatment-abroad,Follow-Up Care After Cancer Treatment Abroad: A Complete Patient Guide,No,,
insights,fulvestrant-elacestrant-serd-explained,Fulvestrant and Elacestrant: Selective Oestrogen Receptor Degraders Explained,No,,
insights,gamma-knife-vs-cyberknife-vs-truebeam,Gamma Knife vs CyberKnife vs TrueBeam: How to Choose,No,,
insights,gastroesophageal-junction-cancer,Gastroesophageal Junction Cancer: Diagnosis and Treatment,No,,
insights,generic-hormone-therapy-drugs,"Generic Hormone Therapy Drugs in India and China: Quality, Safety, and Cost Guide",No,,
insights,glioblastoma-clinical-trials-china,Glioblastoma Clinical Trials in China,No,,
insights,glioblastoma-treatment-china-complete-guide,Glioblastoma (GBM) Treatment in China: Complete Guide,No,,
insights,glioblastoma-treatment-options,Glioblastoma (GBM) Treatment: Options and Advanced Approaches,No,,
insights,gprc5d-car-t-for-multiple-myeloma,GPRC5D CAR-T for Multiple Myeloma — What Patients Need to Know,No,,
insights,haic-for-hcc,HAIC (Hepatic Arterial Infusion Chemotherapy) for Advanced HCC: Evidence and Patient Guide,No,,
insights,heat-sink-effect,The Heat-Sink Effect: Why MWA Beats RFA Near Blood Vessels,No,,
insights,hepatocellular-carcinoma-treatment,Hepatocellular Carcinoma: Treatment and Advanced Options,No,,
insights,her2-positive-gastric-cancer-treatment,HER2-Positive Gastric Cancer Treatment: From Trastuzumab to T-DXd,No,,
insights,hifu-acoustic-windows-limitations,Acoustic Windows: When HIFU Cannot Reach the Target,No,,
insights,hifu-cost-comparison,"HIFU Cost Comparison: China, India, and Western Countries",No,,
insights,hifu-for-bone-metastases,HIFU for Bone Metastases: Non-Invasive Pain Palliation,No,,
insights,hifu-for-breast-cancer,HIFU for Breast Cancer and Thyroid Nodules,No,,
insights,hifu-for-pancreatic-cancer,HIFU for Pancreatic Cancer: Pain Relief and Local Tumour Control,No,,
insights,hifu-for-prostate-cancer,HIFU for Prostate Cancer: Focal Therapy and Whole-Gland Ablation,No,,
insights,hifu-for-uterine-fibroids,HIFU for Uterine Fibroids: MRgFUS and USgHIFU Complete Guide,No,,
insights,hifu-in-india,"HIFU in India: Centres, Indications, and Access for International Patients",No,,
insights,hifu-liver-cancer-hcc-metastases,HIFU for Liver Cancer: HCC and Liver Metastases,No,,
insights,hifu-patient-navigation,Accessing HIFU Through CancerFax: Patient Navigation Guide,No,,
insights,hifu-physics,HIFU Physics: How Acoustic Focusing Destroys Tissue,No,,
insights,hifu-side-effects,HIFU Side Effects and Complications: What Patients Should Know,No,,
insights,hifu-technology-platforms,"HIFU Technology Platforms: HAIFU, JC Systems, and MRI-Guided HIFU Compared",No,,
insights,hifu-treatment-patient-experience,What to Expect During HIFU Treatment: A Patient Experience Guide,No,,
insights,hifu-vs-ablation,"HIFU vs Ablation (RFA, MWA, Cryoablation): The Non-Invasive Advantage",No,,
insights,hipec-centers-in-china,HIPEC Centers in China: A Patient Guide to Access and Expertise,No,,
insights,hipec-cost-global-comparison,Cost of HIPEC Globally: A Country-by-Country Comparison,No,,
insights,hipec-for-colorectal-cancer,"HIPEC for Colorectal Cancer Peritoneal Metastases: Evidence, Eligibility, and Outcomes",No,,
insights,hipec-for-gastric-cancer,HIPEC for Gastric Cancer Peritoneal Disease: China's Largest Asian Programme,No,,
insights,hipec-for-ovarian-cancer,HIPEC for Ovarian Cancer: The OVHIPEC Trial and Current Evidence,No,,
insights,hipec-for-peritoneal-mesothelioma,HIPEC for Peritoneal Mesothelioma: A Curative-Intent Approach,No,,
insights,hipec-patient-selection-criteria,Patient Selection for CRS-HIPEC: Are You a Candidate?,No,,
insights,hipec-recovery-what-to-expect,Recovery After HIPEC: A Complete Patient and Family Guide,No,,
insights,hivec-for-bladder-cancer,HIVEC: Hyperthermic Intravesical Chemotherapy for Bladder Cancer,Yes,,
insights,hormone-therapy-drug-cost-india-china-usa,Cost of Hormone Therapy Drugs: India and China vs USA — The Complete Comparison,No,,
insights,hormone-therapy-duration,How Long Should I Take Hormone Therapy? Duration Decisions in Breast and Prostate Cancer,No,,
insights,how-cancerfax-helps-international-patients,CancerFax: How We Help International Cancer Patients Access Advanced Treatment,No,,
insights,hpv-associated-cancers,"HPV-Associated Cancers: Cervical, Oropharyngeal, and Anal",No,,
insights,hyperthermia-chemosensitisation,Hyperthermia Chemosensitisation: How Heat Makes Chemotherapy Work Better: Drug-Heat Interactions,No,,
insights,hyperthermia-costs-china-india,Hyperthermia Costs in China and India vs Western Programmes,No,,
insights,hyperthermia-for-breast-cancer,Hyperthermia for Chest Wall Breast Cancer Recurrence: ESHO Evidence,Yes,,
insights,hyperthermia-for-cervical-cancer,Hyperthermia for Cervical Cancer: The van der Zee Trial and Outcomes,No,,
insights,hyperthermia-for-glioblastoma,Hyperthermia for Glioblastoma: Combining Heat with Radiation and Temozolomide,Yes,,
insights,hyperthermia-for-oesophageal-cancer,Hyperthermia for Oesophageal Cancer: China's Unique Clinical Evidence,No,,
insights,hyperthermia-for-soft-tissue-sarcoma,Hyperthermia for Soft Tissue Sarcoma: The Issels RCT,Yes,,
insights,hyperthermia-radiosensitisation-explained,How Heat Makes Radiation Work Better: Radiosensitisation Explained,No,,
insights,hyperthermia-scheduling,Hyperthermia Scheduling: Why Heat Must Be Delivered Within 4 Hours of Radiation,No,,
insights,hyperthermia-treatment-china-india,Accessing Hyperthermia Treatment in China or India through CancerFax,Yes,,
insights,icans-after-car-t,"ICANS After CAR-T: Neurological Side Effects, Grading, and Management",No,,
insights,icans-management-india,ICANS Management at Indian CAR-T Centres: Dexamethasone and Neurology Support,No,,
insights,immune-checkpoint-inhibitors-pd1-pdl1-ctla4,"Immune Checkpoint Inhibitors: PD-1, PD-L1, and CTLA-4 Therapy",No,,
insights,immune-escape-in-solid-tumors-and-mctl-therapy,Immune Escape in Solid Tumors: Why Multi-Target Therapy Matters,No,,
insights,immune-reconstitution-after-car-t,Immune Reconstitution After CAR-T: What to Expect,No,,
insights,immunotherapy-side-effects,Immunotherapy Side Effects: What Patients Need to Know,No,,
insights,india-cart-iit-tmc-immunoact,"IIT Bombay, Tata Memorial Centre, and ImmunoACT: How India Built Its Own CAR-T",No,,
insights,india-vs-china-for-car-t,India vs China for CAR-T: How to Decide Which Country Is Right for You,No,,
insights,interstitial-vascular-targeted-pdt-prostate-cancer,Interstitial PDT and Vascular-Targeted PDT for Prostate Cancer,No,,
insights,ivig-replacement-after-car-t,IVIG Replacement After CAR-T: A Practical Guide,Yes,,
insights,kymriah-india-immuneel,Kymriah in India Through Immuneel: Who Should Choose It Over NexCAR19?,No,,
insights,laparoscopic-vs-robotic-cancer-surgery,Laparoscopic vs Robotic Cancer Surgery: Which Is Better for My Case?,No,,
insights,liver-rfa-complications,"Liver RFA Complications: Recognition, Management, and When to Seek Help",No,,
insights,liver-rfa-in-china-in-zhongshan-hospital,"Liver RFA in China: Zhongshan Hospital, EHBH, and What Patients Should Know",No,,
insights,liver-sbrt-for-hcc-and-liver-metastases,Liver SBRT for HCC and Liver Metastases,No,,
insights,lung-cancer-treatment-nsclc-and-personalized-therapy-cancerfax,Lung Cancer Treatment: NSCLC and Personalized Therapy,No,,
insights,lung-rfa,Lung RFA for Early-Stage NSCLC and Pulmonary Metastases,No,,
insights,lymphedema-after-cancer-surgery,Managing Lymphedema After Cancer Surgery,No,,
insights,managing-cytokine-release-syndrome,Managing Cytokine Release Syndrome (CRS): A Family Guide,Yes,,
insights,mctl-clinical-trials-china,MCTL Clinical Trials Currently Enrolling in China,No,,
insights,mctl-therapy-cost-in-china,MCTL Therapy Cost in China: What Patients Need to Know,No,,
insights,mctl-therapy-for-breast-cancer,MCTL Therapy for Breast Cancer,No,,
insights,mctl-therapy-for-colorectal-cancer,MCTL Therapy for Colorectal Cancer: What Patients Should Know,No,,
insights,mctl-therapy-for-gastric-cancer,MCTL Therapy for Gastric Cancer: What Patients Should Know,No,,
insights,mctl-therapy-for-liver-cancer,MCTL Therapy for Liver Cancer (HCC): What Patients Should Know,No,,
insights,mctl-therapy-for-lung-cancer,MCTL Therapy for Lung Cancer (NSCLC): What Patients Should Know,No,,
insights,mctl-therapy-for-pancreatic-cancer,MCTL Therapy for Pancreatic Cancer: What Patients Should Know,No,,
insights,mctl-therapy-side-effects,MCTL Therapy Side Effects and Safety Profile,No,,
insights,mctl-toripalimab-combination-therapy,MCTL + Toripalimab: Why the Combination Works,No,,
insights,mctl-vs-car-t-therapy,MCTL vs CAR-T Therapy: Key Differences for Patients,No,,
insights,medical-reports-abroad,How to Prepare Medical Reports for Cancer Treatment Abroad,No,,
insights,melanoma-treatment,"Melanoma Treatment: Stages, Options, and Outcomes",No,,
insights,mgmt-methylation,"MGMT Methylation, IDH Status, and Other Glioblastoma Biomarkers Explained",No,,
insights,microwave-ablation-access,Accessing MWA Through CancerFax: Patient Navigation Guide,No,,
insights,microwave-ablation-complications-management,Complications of Microwave Ablation: Risk and Management,No,,
insights,microwave-ablation-cost-comparison,Microwave Ablation Cost: China vs India vs Western Countries,No,,
insights,microwave-ablation-for-adrenal-bone-metastases,Microwave Ablation for Adrenal Tumours and Bone Metastases,No,,
insights,microwave-ablation-for-colorectal-liver-metastases,Microwave Ablation for Colorectal Liver Metastases,No,,
insights,microwave-ablation-for-kidney-cancer,Microwave Ablation for Kidney Cancer (RCC),No,,
insights,microwave-ablation-for-liver-cancer,Microwave Ablation for Liver Cancer (HCC): Evidence and Outcomes,No,,
insights,microwave-ablation-for-lung-cancer,Microwave Ablation for Lung Cancer: NSCLC and Pulmonary Metastases,Yes,,
insights,microwave-ablation-for-thyroid-nodules,Microwave Ablation for Thyroid Nodules,No,,
insights,microwave-ablation-in-india,Microwave Ablation in India: Centres and Access,No,,
insights,microwave-ablation-procedure-patient-experience,What to Expect During and After Microwave Ablation,No,,
insights,microwave-ablation-response-assessment,Microwave Ablation Response Assessment: CT and MRI Criteria,No,,
insights,microwave-ablation-vs-surgery,Microwave Ablation vs Surgery: When Ablation Is the Right Choice,No,,
insights,monitoring-hormone-therapy,"Monitoring During Hormone Therapy: Bone Density, PSA, and What Tests Are Needed",No,,
insights,mrecist-response-assessment-tace,mRECIST Response Assessment for TACE: How Response Is Measured,No,,
insights,mri-guided-hifu,MRI-Guided HIFU: How Real-Time Imaging Improves Precision,No,,
insights,multi-antenna-microwave-ablation,Multi-Antenna MWA: Treating Large Tumours Simultaneously,No,,
insights,mwa-vs-rfa-ablation-comparison,MWA vs RFA: Which Ablation Is Right for Your Tumour?,No,,
insights,nasopharyngeal-carcinoma-treatment,Nasopharyngeal Carcinoma: Treatment and International Access,No,,
insights,neuro-oncology-centres-in-china,Neuro-Oncology Centres in China for International Patients,No,,
insights,nexcar19-clinical-trial-results,NexCAR19 Clinical Trial Results: What the Pivotal Data Shows,No,,
insights,nexcar19-vs-kymriah-india,NexCAR19 vs Kymriah in India: Full Comparison for Patients,No,,
insights,nivolumab-opdivo-for-cancer-treatment,Nivolumab (Opdivo) for Cancer Treatment,No,,
insights,nutritional-support-during-cancer-treatment,Nutritional Support During Cancer Treatment,No,,
insights,oligometastatic-sbrt-sabr-comet-trial,Oligometastatic Disease and SBRT: The SABR-COMET Trial,No,,
insights,oncolytic-virus-combined-with-checkpoint-inhibitors,Oncolytic Virus Therapy Combined with Checkpoint Inhibitors,No,,
insights,osteoid-osteoma-rfa,Osteoid Osteoma RFA: The Minimally Invasive Cure for a Painful Benign Bone Tumour,No,,
insights,ovarian-suppression-for-breast-cancer,"Ovarian Suppression for Breast Cancer: Goserelin, Leuprolide, and Surgical Oophorectomy",No,,
insights,p53-tumour-suppressor-in-cancer,p53 Tumour Suppressor: Why It Matters in Cancer and Gene Therapy,No,,
insights,palliative-care-and-supportive-therapy-in-brain-cancer,Palliative Care and Supportive Therapy in Brain Cancer,No,,
insights,pancreatic-cancer-treatment,Pancreatic Cancer Treatment Pathways,No,,
insights,pdt-for-bladder-cancer,PDT for Bladder Cancer: Whole-Bladder Treatment for BCG-Refractory Carcinoma in Situ,No,,
insights,pdt-for-cholangiocarcinoma,PDT for Cholangiocarcinoma: Survival Benefit from Palliative Bile Duct Treatment,No,,
insights,pdt-for-early-stage-lung-cancer,PDT for Early Stage Lung Cancer: Endobronchial Treatment and Airway Recanalization,No,,
insights,pdt-for-nasopharyngeal-carcinoma,PDT for Nasopharyngeal Carcinoma Recurrence: China's Unique Clinical Expertise,No,,
insights,pdt-for-oesophageal-cancer,"PDT for Oesophageal Cancer: What to Expect Before, During, and After Treatment",No,,
insights,pdt-for-oral-cancer,PDT for Oral Cancer and Oral Leucoplakia: India's Experience at Tata Memorial and AIIMS,No,,
insights,pdt-immunotherapy-combination-china-trials,PDT Combined with Immunotherapy: The Science and China's Clinical Trial Programme,No,,
insights,pdt-in-children,PDT in Children: Paediatric Applications and Special Considerations,No,,
insights,pdt-photosensitivity-protection-guide,PDT Photosensitivity: The Complete Guide to Protecting Yourself After Treatment,No,,
insights,pdt-treatment-cost,PDT Treatment Costs in China and India: What Patients Pay and What Is Included,No,,
insights,pdt-vs-rfa,PDT vs Radiofrequency Ablation (RFA) for Barrett's Oesophagus: How to Choose,No,,
insights,pembrolizumab-for-cancer-treatment,Pembrolizumab (Keytruda) for Cancer Treatment,No,,
insights,peritoneal-cancer-index,The Peritoneal Cancer Index (PCI): Understanding Your Score,No,,
insights,photochlor-and-dvdms,Photochlor and DVDMS: China's Domestically Developed Photosensitisers,No,,
insights,photodynamic-therapy-china-india,Accessing PDT Treatment in China or India Through CancerFax,No,,
insights,photofrin,Photofrin (Porfimer Sodium): The Most Widely Approved Photosensitiser Explained,No,,
insights,pneumothorax-after-lung-rfa,"Pneumothorax After Lung RFA: What It Is, How Common It Is, and How It Is Managed",No,,
insights,post-ablation-syndrome,Post-Ablation Syndrome: Why Fever and Fatigue After RFA Are Normal,No,,
insights,post-embolisation-syndrome,Post-Embolisation Syndrome: What to Expect After TACE,No,,
insights,post-pdt-stricture,Managing Post-PDT Stricture After Oesophageal Treatment,No,,
insights,pre-treatment-tests-for-mctl-therapy,Pre-Treatment Tests for MCTL Therapy: What to Prepare,No,,
insights,precision-oncology-and-biomarker-testing,Precision Oncology and Biomarker Testing: A Patient's Guide,No,,
insights,prehabilitation-before-surgery,How to Prepare for Major Cancer Surgery: Prehabilitation and Nutrition,No,,
insights,progestin-therapy-for-endometrial-cancer,Progestin Therapy for Endometrial Cancer: Who Is Eligible and What to Expect,No,,
insights,prostate-sbrt-5-fractions-pace-trial,Prostate SBRT (5 Fractions): The PACE Trial Explained,No,,
insights,proton-therapy-vs-bnct,Proton Therapy vs BNCT: Key Differences Explained,No,,
insights,pseudomyxoma-peritonei,Pseudomyxoma Peritonei (PMP): The 'Jelly Belly' Cancer Explained,No,,
insights,psychological-support-in-cancer,Psychological Support in Cancer: A Guide for Patients and Families,No,,
insights,pulmonary-lobectomy-via-vats,Pulmonary Lobectomy via VATS: What Minimally Invasive Lung Surgery Looks Like,No,,
insights,questions-before-cryoablation,Questions to Ask Before Cryoablation: A Complete Patient Checklist,No,,
insights,questions-before-hifu-treatment,Questions to Ask Before HIFU Treatment: A Complete Patient Checklist,No,,
insights,questions-before-microwave-ablation,Questions to Ask Before Microwave Ablation,No,,
insights,questions-before-tace-liver-cancer,Questions to Ask Before and During Your TACE Treatment,No,,
insights,questions-before-tare-y90-radioembolization,Questions to Ask Before TARE/Y-90 Treatment: The Complete Patient Checklist,No,,
insights,questions-for-patients,Questions Every Patient Should Ask About Cancer Vaccines,Yes,,
insights,questions-to-ask-stage-4-cancer-treatment,Questions to Ask About Stage 4 Cancer Treatment,No,,
insights,radiation-lobectomy,Radiation Lobectomy: Using Y-90 TARE to Prepare for Liver Surgery,No,,
insights,radiation-safety-after-tare,Radiation Safety After TARE: What Patients and Families Need to Know,No,,
insights,radiation-segmentectomy,Radiation Segmentectomy: Y-90 TARE as Curative Treatment for Small HCC,No,,
insights,radical-cystectomy-neobladder-reconstruction,Radical Cystectomy and Neobladder Reconstruction: Understanding Urinary Diversion,No,,
insights,recurrent-cancer-after-radiation,Recurrent Cancer After Radiation: Options When Standard Treatment Has Failed,No,,
insights,renal-cell-carcinoma-modern-treatment-options-patient-guide,Renal Cell Carcinoma: Modern Treatment Options,No,,
insights,repeat-tace-when-to-retreat,"Repeat TACE: When to Retreat, When to Switch, and When to Stop",No,,
insights,rfa-cost-china-india-comparison,RFA Costs in China and India: Detailed Comparison with Western Pricing,No,,
insights,rfa-for-bone-metastases,RFA for Bone Metastases: Pain Relief Without Surgery,No,,
insights,rfa-for-colorectal-liver-metastases,RFA for Colorectal Liver Metastases: The EORTC CLOCC Trial and What It Means,No,,
insights,rfa-for-kidney-cancer,RFA for Kidney Cancer: Percutaneous Treatment for Small Renal Masses,No,,
insights,rfa-for-liver-cancer,RFA for Liver Cancer (HCC): Who Is Eligible and What Outcomes to Expect,No,,
insights,rfa-procedure-patient-guide,"The RFA Procedure: What to Expect Before, During, and After Treatment",No,,
insights,rfa-vs-cryoablation-for-kidney-tumours,RFA vs Cryoablation for Kidney Tumours: How to Choose,No,,
insights,rfa-vs-microwave-ablation,RFA vs Microwave Ablation (MWA): When Each Is Preferred and Why,No,,
insights,rfa-vs-surgery-for-small-hcc,RFA vs Surgery for Small HCC: Understanding the Randomised Trial Evidence,No,,
insights,robotic-radical-prostatectomy,Robotic-Assisted Radical Prostatectomy: What to Expect Before and After,No,,
insights,sbrt-combined-with-immunotherapy,SBRT Combined with Immunotherapy: The Abscopal Effect,No,,
insights,sbrt-for-stage-i-lung-cancer,SBRT for Stage I Lung Cancer: The Evidence Comparing It to Surgery,No,,
insights,second-line-car-t-for-early-relapsed-dlbcl,Second-Line CAR-T for Early-Relapsed DLBCL: The ZUMA-7 Trial Explained,No,,
insights,second-line-treatment-options-for-advanced-nsclc,Second-Line Treatment Options for Advanced NSCLC: MCTL vs Standard Care,No,,
insights,second-opinion-for-cancer-patients,Second Opinion for Cancer Patients: Why It Matters and How to Get One,No,,
insights,second-opinion-in-cancer-treatment,How to Get a Second Opinion in Cancer Treatment: A Complete Patient Guide,No,,
insights,sentinel-lymph-node-biopsy,"Sentinel Lymph Node Biopsy: Procedure, Results, and What They Mean",No,,
insights,solid-tumour-car-t-in-china,"Solid-Tumour CAR-T in China: CLDN18.2, GPC3, GD2, and Mesothelin",No,,
insights,spine-sbrt,Spine SBRT: How Radiation Treats Spinal Metastases Without Surgery,No,,
insights,srs-for-acoustic-neuroma,SRS for Acoustic Neuroma: Radiation Over Surgery,No,,
insights,srs-for-brain-metastases,SRS for Brain Metastases: The Evidence That Changed Standard of Care,No,,
insights,srs-sbrt-cost-in-china-and-india,SRS and SBRT Costs in China and India: Detailed Comparison,No,,
insights,srs-vs-whole-brain-radiation,SRS vs WBRT: Understanding the Neurocognitive Trade-Off,No,,
insights,stomach-cancer-immunotherapy,"Stomach Cancer Immunotherapy: PD-1 Inhibitors, MSI Status, and Novel Approaches",No,,
insights,superficial-hyperthermia,Superficial Hyperthermia: Treating Tumours Close to the Skin Surface,Yes,,
insights,surgical-oncologist-vs-general-surgeon,What Is the Difference Between a Surgical Oncologist and a General Surgeon?,No,,
insights,surgical-second-opinion-unresectable-cancer,Getting a Surgical Second Opinion for an 'Unresectable' Cancer,No,,
insights,tace-as-bridge-to-liver-transplant,TACE as Bridge to Liver Transplant: How It Works and What the Evidence Shows,No,,
insights,tace-complications,"TACE Complications: Liver Failure, Biliary Injury, and Clinical Management",No,,
insights,tace-cost-comparison,TACE Cost Comparison: China vs India vs Western Countries,No,,
insights,tace-downstaging-for-liver-transplant,TACE Downstaging for Liver Transplant Eligibility: Beyond Milan Criteria,No,,
insights,tace-for-colorectal-liver-metastases,"TACE for Colorectal Liver Metastases: Evidence, Technique (DEBIRI), and Patient Selection",No,,
insights,tace-in-india,"TACE in India: Top Centres, Costs, and Access for International Patients",No,,
insights,tace-lenvatinib-immunotherapy-combination,TACE + Lenvatinib and TACE + Immunotherapy Combinations for HCC,No,,
insights,tace-mwa-combination-for-hcc,TACE + MWA Combination for HCC 3–7 cm,No,,
insights,tace-patient-selection,TACE Patient Selection: BCLC Staging and Child-Pugh Score Explained,No,,
insights,tace-procedure-patient-experience,"The TACE Procedure: What Patients Experience Before, During, and After",No,,
insights,tace-rfa-combination,TACE + RFA Combination for Intermediate HCC: The Chinese Standard Explained,No,,
insights,tace-rfa-mwa-combination-hcc,TACE + RFA and TACE + MWA for HCC 3–7 cm: The Combined Ablation Strategy,No,,
insights,tace-survival-data,TACE Survival Data: Evidence from Pivotal Clinical Trials in HCC,No,,
insights,tamoxifen-side-effects,"Tamoxifen: Side Effects, CYP2D6 Drug Interactions, and What to Monitor",No,,
insights,tare-complications,Complications of TARE: Radiation-Induced Liver Disease and Management,No,,
insights,tare-cost-comparison,TARE Cost Comparison: China vs India vs Western Countries,No,,
insights,tare-for-cholangiocarcinoma,TARE for Cholangiocarcinoma and Neuroendocrine Tumour Liver Metastases,No,,
insights,tare-for-colorectal-liver-metastases,TARE for Colorectal Liver Metastases: The SIRFLOX and FOXFIRE Trials,No,,
insights,tare-for-hepatocellular-carcinoma,"TARE for Hepatocellular Carcinoma: Indications, Evidence, and Patient Selection",No,,
insights,tare-in-china,TARE in China: Zhongshan Hospital and EHBH — Y-90 Centres for International Patients,No,,
insights,tare-in-india,"TARE in India: Centres, Y-90 Access, and Costs for International Patients",No,,
insights,tare-pre-treatment-workup,The TARE Pre-Treatment Workup: Mapping Angiogram and MAA Scan Explained,No,,
insights,tare-response-assessment,"Response Assessment After TARE: mRECIST, LI-RADS TR, and Volumetric Analysis",No,,
insights,tare-treatment-patient-experience,What to Expect on TARE Treatment Day: A Patient's Hour-by-Hour Guide,No,,
insights,tare-vs-tace-comparison,TARE vs TACE: Which Liver-Directed Therapy Is Right for You?,No,,
insights,targeted-therapy-for-gastric-cancer,Targeted Therapy for Gastric Cancer: A Complete Guide,No,,
insights,temozolomide-chemotherapy-for-glioblastoma,Temozolomide (TMZ) Chemotherapy for Glioblastoma,No,,
insights,therasphere-vs-sir-spheres,TheraSphere vs SIR-Spheres: Which Y-90 Platform Is Used for Your Case?,No,,
insights,thermotolerance-hyperthermia,Thermotolerance: Why Hyperthermia Sessions Must Be Spaced 72 Hours Apart,No,,
insights,til-therapy-for-cervical-cancer,TIL Therapy for Cervical Cancer: Understanding a Treatment Showing Real Promise,Yes,,
insights,til-therapy-for-lung-cancer,TIL Therapy for Lung Cancer: What You Need to Know Before Making Any Decision,Yes,,
insights,til-vs-car-t-therapy,TIL Therapy vs CAR-T Therapy — Which Approach Is Right for Your Cancer?,Yes,,
insights,transcranial-mrgfus-brain-tumours-neurological,"Transcranial MRgFUS: Brain Tumours, Essential Tremor, and Neurological Applications",No,,
insights,travel-visa-support-cancer-treatment-china,Travel and Visa Support for Cancer Treatment in China: A Complete Patient Guide,No,,
insights,tsh-suppression-thyroid-cancer-levothyroxine,TSH Suppression in Thyroid Cancer: Why Levothyroxine Is Taken and What Levels Are Targeted,No,,
insights,tumor-vaccines-cellular-therapy-brain-cancer,Tumour Vaccines and Cellular Therapy for Brain Cancer: Current Evidence and Access,No,,
insights,visa-travel-guide-cancer-treatment-china,Visa and Travel Guide for Cancer Treatment in China,No,,
insights,visible-ice-ball-cryoablation-margin-control,The Visible Ice Ball: Cryoablation's Most Important Clinical Advantage,No,,
insights,what-is-cik-therapy,What Is CIK Therapy? A Complete Patient Introduction,No,,
insights,what-is-cryoablation,What Is Cryoablation? A Complete Patient Introduction to Freeze Ablation,No,,
insights,what-is-hifu,What Is HIFU? Non-Invasive Focused Ultrasound Explained,No,,
insights,what-is-hormone-therapy-cancer,What Is Hormone Therapy for Cancer and How Does It Work?,No,,
insights,what-is-hyperthermia-therapy,What Is Hyperthermia Therapy and How Does It Help Cancer Treatment?,No,,
insights,what-is-microwave-ablation-patient-guide,What Is Microwave Ablation? A Patient Introduction,No,,
insights,what-is-nexcar19,What Is NexCAR19 and Why Is It the World's Most Affordable CAR-T?,No,,
insights,what-is-peritoneal-carcinomatosis,What Is Peritoneal Carcinomatosis? A Patient Introduction,No,,
insights,what-is-photodynamic-therapy,What Is Photodynamic Therapy and How Does It Work?,No,,
insights,what-is-radiofrequency-ablation,What Is Radiofrequency Ablation (RFA) and How Does It Destroy Tumours?,No,,
insights,what-is-stereotactic-radiosurgery-srs,What Is SRS and How Is It Different from Regular Radiation?,No,,
insights,what-is-tace,What Is TACE? A Patient Introduction to Liver Cancer Embolisation,No,,
insights,what-is-tare,What Is TARE/SIRT/Y-90? A Complete Patient Introduction to Radioembolization,No,,
insights,what-is-the-whipple-procedure,"What Is the Whipple Procedure, and What Is Recovery Like?",No,,
insights,what-is-til-therapy,What Is TIL Therapy? A Plain-Language Guide for Patients and Families,Yes,,
insights,whole-body-hyperthermia,Whole-Body Hyperthermia: How It Works and Who Benefits,No,,
insights,why-india-is-the-best-car-t-destination,Why India Is the Best CAR-T Destination for South Asian and East African Patients,No,,
insights,y90-dosimetry,Y-90 Dosimetry: How Radiation Dose Is Calculated for TARE,No,,
insights,y90-physics,"Y-90 Physics: Beta Radiation, Half-Life, and Microsphere Safety Explained",No,,
insights,zolbetuximab-for-cldn18-2-gastric-cancer,Zolbetuximab for CLDN18.2-Positive Gastric Cancer: The New First-Line Standard,No,,
treatments,3d-crt,3D-CRT: Three-Dimensional Conformal Radiation Therapy — Patient Guide,No,,
treatments,3d-crt-three-dimensional-conformal-radiation-therapy,3D-CRT: Three-Dimensional Conformal Radiation Therapy — Patient Guide,No,,
treatments,adjuvant-chemotherapy,Adjuvant Chemotherapy: A Complete Patient Guide,Yes,,
treatments,alk-targeted-therapy,ALK Targeted Therapy: A Complete Patient and Caregiver Guide,Yes,,
treatments,boron-neutron-capture-therapy,BNCT,Yes,,
treatments,brachytherapy,Brachytherapy: Internal Radiation Therapy — Complete Patient Guide,No,,
treatments,brachytherapy-internal-radiation-therapy,Brachytherapy: Internal Radiation Therapy — Complete Patient Guide,No,,
treatments,braf-targeted-therapy,BRAF Targeted Therapy: A Precision Medicine Approach to Cancer Care,Yes,,
treatments,cancer-surgery,Cancer Surgery,Yes,PILLAR PAGE,Cancer Surgery
treatments,car-t-cell-therapy,CAR-T Cell Therapy,Yes,PILLAR PAGE,CAR-T Cell Therapy
treatments,car-t-cell-therapy-for-autoimmune-diseases,CAR-T Cell Therapy for Autoimmune Disorders,Yes,,
treatments,car-t-cell-therapy-for-gastric-cancer,CAR T-Cell Therapy for Gastric Cancer: Satri-Cel & CLDN18.2 Guide | CancerFax,No,,
treatments,car-t-cell-therapy-for-liver-cancer,CAR-T Cell Therapy for Liver Cancer,Yes,,
treatments,car-t-cell-therapy-in-china,CAR T-Cell Therapy in China,Yes,,
treatments,car-t-cell-therapy-in-india,CAR T-Cell Therapy in India,Yes,,
treatments,cdk4-6-inhibitors,CDK4/6 Inhibitors: A Targeted Approach to Hormone Receptor-Positive Breast Cancer Treatment,Yes,,
treatments,chemotherapy,"Chemotherapy for Cancer: A Complete Guide to Treatment, Options, and Modern Advances",Yes,,
treatments,cryoablation,Cryoablation,Yes,PILLAR PAGE,Cryoablation
treatments,ctla-4-inhibitors,"CTLA-4 Inhibitors: Ipilimumab, Tremelimumab, and the Next Generation of Checkpoint Immunotherapy",No,,
treatments,cyberknife,"CyberKnife Radiosurgery: Robotic SBRT for Brain, Spine, and Body Tumours",No,,
treatments,cytokine-therapy,"Cytokine Therapy for Cancer: Interleukin-2, Interferon, and Engineered Cytokines",No,,
treatments,cytoreductive-surgery-hipec,Cytoreductive Surgery & HIPEC: A Complete Patient Guide to CRS and Hyperthermic Intraperitoneal Chemotherapy,No,,
treatments,dendritic-cell-therapy,"Dendritic Cell Therapy: Dendritic Cell Vaccines, Neoantigen Vaccines, and Personalized Cancer Immunotherapy",No,,
treatments,egfr-targeted-therapy,EGFR Targeted Therapy: A Complete Guide for Patients and Families,Yes,,
treatments,electron-beam-radiation-therapy,Electron Beam Radiation Therapy: Guide for Cancer Patients,No,,
treatments,electron-beam-therapy,Electron Beam Radiation Therapy: Guide for Cancer Patients,No,,
treatments,external-beam-radiation-therapy,External Beam Radiation Therapy (EBRT): Complete Patient Guide,No,,
treatments,external-beam-radiation-therapy-ebrt,External Beam Radiation Therapy (EBRT): Complete Patient Guide,No,,
treatments,gamma-knife,Gamma Knife Radiosurgery: Brain and Skull Base Tumour Treatment Guide,No,,
treatments,gamma-knife-radiosurgery,Gamma Knife Radiosurgery: Brain and Skull Base Tumour Treatment Guide,No,,
treatments,her2-targeted-therapy,HER2 Targeted Therapy for Cancer: A Complete Patient Guide,Yes,,
treatments,hifu,HIFU,Yes,,
treatments,hipec,HIPEC,Yes,PILLAR PAGE,HIPEC
treatments,hormone-therapy,Hormone Therapy,Yes,PILLAR PAGE,Hormone Therapy
treatments,hyperthermia-therapy,Hyperthermia Therapy for Cancer,Yes,,
treatments,igrt,Image-Guided Radiation Therapy (IGRT): Precision Radiotherapy Guide,No,,
treatments,image-guided-radiation-therapy-igrt,Image-Guided Radiation Therapy (IGRT): Precision Radiotherapy Guide,No,,
treatments,immune-checkpoint-inhibitors,Immune Checkpoint Inhibitors: Helping the Immune System Recognize and Fight Cancer,Yes,,
treatments,imrt,IMRT: Intensity-Modulated Radiation Therapy — Complete Patient Guide,No,,
treatments,imrt-intensity-modulated-radiation-therapy,IMRT: Intensity-Modulated Radiation Therapy — Complete Patient Guide,No,,
treatments,intraoperative-radiation-therapy-iort,Intraoperative Radiation Therapy (IORT): Radiation During Surgery,No,,
treatments,intrathecal-chemotherapy,Intrathecal Chemotherapy: A Patient and Caregiver Guide to CNS-Directed Chemotherapy,Yes,,
treatments,iodine-131-therapy,Iodine-131 Therapy: Radioactive Iodine Treatment for Thyroid Cancer and Thyroid Disorders,No,,
treatments,iort,Intraoperative Radiation Therapy (IORT): Radiation During Surgery,No,,
treatments,kras-targeted-therapy,KRAS Targeted Therapy: A Precision Treatment Guide for KRAS-Mutated Cancers,Yes,,
treatments,laparoscopic-cancer-surgery,Laparoscopic Cancer Surgery: Minimally Invasive and Robotic-Assisted Cancer Surgery in China and India,No,,
treatments,mctl-therapy,MCTL Therapy,Yes,,
treatments,microwave-ablation,Microwave Ablation (MWA),Yes,PILLAR PAGE,Microwave Ablation (MWA)
treatments,mr-linac,MR-LINAC: MRI-Guided Radiation Therapy for Cancer — Complete Patient Guide,Yes,,
treatments,mr-linac-mri-guided-radiation-therapy,MR-LINAC: MRI-Guided Radiation Therapy for Cancer — Complete Patient Guide,Yes,,
treatments,mr-linac-mri-guided-radiation-therapy-cancer,MR-LINAC: MRI-Guided Radiation Therapy for Cancer — Complete Patient Guide,Yes,,
treatments,mrgfus-parkinsons-focused-ultrasound,MRgFUS for Parkinson's Disease: Magnetic Resonance-Guided Focused Ultrasound,No,,
treatments,neoadjuvant-chemotherapy,Neoadjuvant Chemotherapy: Treatment Given Before Surgery,Yes,,
treatments,neoantigen-vaccine,NeoAntigen Vaccine for Cancer: The Complete Patient Guide,No,,
treatments,ntrk-inhibitors,NTRK Inhibitors: Precision Treatment for TRK Fusion-Positive Cancers,Yes,,
treatments,parp-inhibitors,PARP Inhibitors in Cancer Treatment: A Complete Guide for Patients and Families,Yes,,
treatments,pd-1-inhibitors,PD-1 Inhibitors: Complete Patient Guide,No,,
treatments,pd-l1-inhibitors,PD-L1 Inhibitors: Complete Patient Guide,No,,
treatments,pd1-inhibitors,PD-1 Inhibitors: Cancer Immunotherapy That Helps the Immune System Recognize and Attack Cancer,No,,
treatments,pdl1-inhibitors,"PD-L1 Inhibitors: How PD-L1 Blockade Works, Who It Helps, and Where to Access It",No,,
treatments,pet-ct-guided-treatment,PET-CT Guided Treatment in Cancer Care,No,,
treatments,photodynamic-therapy,Photodynamic Therapy (PDT),Yes,PILLAR PAGE,Photodynamic Therapy (PDT)
treatments,pipac,PIPAC: Pressurized Intraperitoneal Aerosol Chemotherapy for Peritoneal Metastases,No,,
treatments,pipac-pressurised-intraperitoneal-aerosol-chemotherapy,PIPAC: Complete Patient Guide,No,,
treatments,prrt,PRRT: Peptide Receptor Radionuclide Therapy for Neuroendocrine Tumors,No,,
treatments,radiofrequency-ablation,Radiofrequency Ablation (RFA),Yes,PILLAR PAGE,Radiofrequency Ablation (RFA)
treatments,radioligand-therapy,Radioligand Therapy: Targeted Radionuclide Treatment for Cancer,No,,
treatments,reconstructive-surgery-after-cancer-treatment,"Reconstructive Surgery After Cancer Treatment: Restoring Form, Function, and Confidence",Yes,,
treatments,reconstructive-surgery-cancer,Reconstructive Surgery After Cancer Treatment: Complete Patient Guide,Yes,,
treatments,robotic-cancer-surgery,"Robotic Cancer Surgery: Technology, Evidence, and Global Access",No,,
treatments,stereotactic-radiosurgery,SRS & SBRT,Yes,,
treatments,tace,TACE,Yes,,
treatments,tare,TARE / Y-90 Radioembolization,Yes,,
treatments,tcr-t-cell-therapy,TCR T-Cell Therapy: A Precision Immunotherapy for Cancer,Yes,,
treatments,theranostics,Theranostics: Personalized Cancer Diagnosis and Treatment in One Targeted Approach,No,,
treatments,tomotherapy,Tomotherapy: Helical IMRT for Complex Cancer Targets,No,,
treatments,tomotherapy-helical-radiation-therapy,Tomotherapy: Helical IMRT for Complex Cancer Targets,No,,
treatments,total-body-irradiation,Total Body Irradiation (TBI): Transplant Conditioning Radiation Guide,No,,
treatments,total-body-irradiation-tbi-transplant,Total Body Irradiation (TBI): Transplant Conditioning Radiation Guide,No,,
treatments,tumor-treating-fields-therapy,Tumor Treating Fields (TTFields) Therapy,No,,
treatments,vegf-inhibitors,"VEGF Inhibitors in Cancer Treatment: Uses, Types, Benefits and Side Effects",Yes,,
treatments,vmat,VMAT: Volumetric Modulated Arc Therapy — Patient Guide,No,,
treatments,vmat-volumetric-modulated-arc-therapy,VMAT: Volumetric Modulated Arc Therapy — Patient Guide,No,,
