source_folder,file,target_collection,target_slug,status
Pillar Pages - Faqs,advanced-cancer-treatment-faq-section.json,guides,advanced-cancer-treatment,DONE - verified live now
Pillar Pages - Faqs,bone-marrow-transplant-faq-section.json,treatments,bone-marrow-transplant,DONE - verified live now
Pillar Pages - Faqs,boron-neutron-capture-therapy-bnct-faq-section.json,treatments,boron-neutron-capture-therapy,DONE - verified live now
Pillar Pages - Faqs,brain-tumour-treatment-faq-section_1.json,conditions,brain-tumor,DONE - verified live now
Pillar Pages - Faqs,cancer-diagnosis-and-staging-faq-section.json,,,UNDONE - never had a matching page
Pillar Pages - Faqs,cancer-immunotherapy-faq-section.json,treatments,immunotherapy,DONE - verified live now (slug renamed cancer-immunotherapy -> immunotherapy)
Pillar Pages - Faqs,cancer-surgery-faq-section.json,treatments,cancer-surgery,DONE - verified live now
Pillar Pages - Faqs,car-nk-cell-therapy-faq-section.json,treatments,car-nk-cell-therapy,DONE - verified live now
Pillar Pages - Faqs,car-t-cell-therapy-for-leukemia-faq-section.json,treatments,car-t-cell-therapy-for-leukemia,DONE - verified live now
Pillar Pages - Faqs,car-t-cell-therapy-solid-tumors-faq-section.json,treatments,car-t-cell-therapy-for-solid-tumors,DONE - verified live now
Pillar Pages - Faqs,car-t-therapy-for-leukemia-faq-section.json,treatments,car-t-cell-therapy-for-leukemia,DONE - verified live now
Pillar Pages - Faqs,cik-therapy-faq-section.json,treatments,cik-therapy,DONE - verified live now
Pillar Pages - Faqs,cryoablation-faq-section.json,treatments,cryoablation,DONE - verified live now
Pillar Pages - Faqs,faq-breast-cancer-treatment-advanced-options-international-access.json,guides,breast-cancer-treatment,DONE - verified live now
Pillar Pages - Faqs,faq-car-t-cell-therapy-for-lymphoma.json,treatments,car-t-cell-therapy-for-lymphoma,DONE - verified live now
Pillar Pages - Faqs,faq-car-t-cell-therapy-multiple-myeloma.json,treatments,car-t-cell-therapy-for-multiple-myeloma,DONE - verified live now
Pillar Pages - Faqs,faq-clinical-trials-in-cancer.json,,,UNDONE - never had a matching page
Pillar Pages - Faqs,faq-guide-blood-cancer-treatment-leukaemia-lymphoma-myeloma.json,guides,blood-cancer-treatment,DONE - verified live now
Pillar Pages - Faqs,faq-lung-cancer-treatment-pillar.json,guides,lung-cancer-treatment,DONE - verified live now
Pillar Pages - Faqs,faq-pediatric-cancer-advanced-treatment.json,,,UNDONE - never had a matching page
Pillar Pages - Faqs,faq-pillar-stage-4-cancer-treatment.json,guides,stage-4-cancer-treatment,DONE - verified live now
Pillar Pages - Faqs,faq-precision-oncology-ngs-guided-therapy.json,guides,precision-oncology-ngs-testing,DONE - verified live now
Pillar Pages - Faqs,faq-proton-therapy-pillar.json,treatments,proton-therapy,DONE - verified live now
Pillar Pages - Faqs,faq-radiation-therapy.json,treatments,radiation-therapy,DONE - verified live now
Pillar Pages - Faqs,faq-radioligand-therapy-theranostics-cancer.json,treatments,radioligand-therapy-theranostics,DONE - verified live now
Pillar Pages - Faqs,faq-rare-cancer-treatments.json,,,UNDONE - never had a matching page
Pillar Pages - Faqs,faq-section-liver-cancer-treatment-surgery-tace-advanced-therapies.json,guides,liver-cancer-treatment,DONE - verified live now
Pillar Pages - Faqs,faq-treatment-targeted-therapy.json,treatments,targeted-therapy,DONE - verified live now
Pillar Pages - Faqs,gamma-delta-cell-therapy-faq-section.json,treatments,gamma-delta-t-cell-therapy,DONE - verified live now
Pillar Pages - Faqs,gastric-oesophageal-cancer-treatment-faq-section.json,,,UNDONE - never had a matching page
Pillar Pages - Faqs,gendicine-gene-therapy-for-cancer-faq.json,treatments,gendicine-gene-therapy,DONE - verified live now
Pillar Pages - Faqs,gene-therapy-inherited-blood-disorders-faq-section.json,treatments,gene-therapy-for-thalassaemia-and-sickle-cell-disease,DONE - verified live now
Pillar Pages - Faqs,gene-therapy-thalassemia-sickle-cell-faq.json,treatments,gene-therapy-for-thalassaemia-and-sickle-cell-disease,DONE - verified live now
Pillar Pages - Faqs,getting-a-cancer-second-opinion-abroad-faq-section.json,guides,second-opinions-from-international-experts,DONE - verified live now
Pillar Pages - Faqs,hifu-faq-section.json,treatments,hifu,DONE - verified live now
Pillar Pages - Faqs,hipec-pillar-faq-section.json,treatments,hipec,DONE - verified live now
Pillar Pages - Faqs,hormone-therapy-faq-section.json,treatments,hormone-therapy,DONE - verified live now
Pillar Pages - Faqs,hyperthermia-therapy-faq-section.json,treatments,hyperthermia-therapy,DONE - verified live now
Pillar Pages - Faqs,integrative-oncology-faq-section.json,,,UNDONE - never had a matching page
Pillar Pages - Faqs,international-cancer-treatment-faq.json,guides,international-cancer-treatment-china,DONE - verified live now
Pillar Pages - Faqs,microwave-ablation-mwa-faq-section.json,treatments,microwave-ablation,DONE - verified live now
Pillar Pages - Faqs,oncolytic-virus-therapy-faq-section.json,treatments,oncolytic-virus-therapy,DONE - verified live now
Pillar Pages - Faqs,palliative-care-supportive-therapy-faq-section.json,guides,palliative-care-supportive-therapy,DONE - verified live now
Pillar Pages - Faqs,photodynamic-therapy-faq-section.json,treatments,photodynamic-therapy,DONE - verified live now
Pillar Pages - Faqs,precision-oncology-ngs-testing-faq-section.json,guides,precision-oncology-ngs-testing,DONE - verified live now
Pillar Pages - Faqs,prostate-cancer-advanced-treatment-faq-section.json,guides,prostate-cancer-advanced-treatment,DONE - verified live now
Pillar Pages - Faqs,rfa-faq-section.json,treatments,radiofrequency-ablation,DONE - verified live now
Pillar Pages - Faqs,robotic-minimally-invasive-cancer-surgery-faq.json,treatments,robotic-minimally-invasive-cancer-surgery,DONE - verified live now
Pillar Pages - Faqs,stereotactic-radiosurgery-srs-sbrt-faq-section.json,treatments,stereotactic-radiosurgery,DONE - verified live now
Pillar Pages - Faqs,tace-faq-section.json,treatments,tace,DONE - verified live now
Pillar Pages - Faqs,til-therapy-faq-section.json,treatments,til-therapy,DONE - verified live now
Pillar Pages - Faqs,transarterial-radioembolization-tare-faq-section.json,treatments,tare,DONE - verified live now
Pillar Pages - Faqs,tumor-therapeutic-vaccines-faq.json,treatments,tumor-therapeutic-vaccines,DONE - verified live now
Pillar Pages - Faqs,yttrium-90-therapy-faq-section.json,guides,yttrium-90-radioembolisation-complete-guide,DONE - verified live now
150 pillar pages,advanced-treatment-for-stage-4-cancer-faq-section.json,insights,advanced-treatment-for-stage-4-cancer,DONE - verified live now
150 pillar pages,car-t-therapy-explained-faq-section.json,insights,car-t-therapy-explained,DONE - verified live now
150 pillar pages,cost-of-advanced-cancer-treatment-worldwide-faq-section.json,insights,cost-of-advanced-cancer-treatment-worldwide,DONE - verified live now
150 pillar pages,countries-offering-advanced-cancer-treatment-faq-section.json,insights,countries-offering-advanced-cancer-treatment,DONE - verified live now
150 pillar pages,future-of-cancer-treatment-faq-section.json,insights,future-of-cancer-treatment,DONE - verified live now
150 pillar pages,gene-therapy-for-cancer-patients-faq-section.json,insights,gene-therapy-for-cancer-patients,DONE - verified live now
150 pillar pages,how-genomic-testing-guides-cancer-treatment-faq-section.json,insights,how-genomic-testing-guides-cancer-treatment,DONE - verified live now
150 pillar pages,how-to-access-advanced-treatment-abroad-faq-section.json,insights,how-to-access-advanced-treatment-abroad,DONE - verified live now
150 pillar pages,latest-cancer-treatments-in-the-world-faq-section.json,insights,latest-cancer-treatments-in-the-world,DONE - verified live now
150 pillar pages,questions-to-ask-your-oncologist-faq-section.json,insights,questions-to-ask-your-oncologist,DONE - verified live now
150 pillar pages,side-effects-of-advanced-cancer-treatments-faq-section.json,insights,side-effects-of-advanced-cancer-treatments,DONE - verified live now
150 pillar pages,standard-treatment-vs-precision-oncology-faq-section.json,insights,standard-treatment-vs-precision-oncology,DONE - verified live now
150 pillar pages,success-rates-of-modern-cancer-treatments-faq-section.json,insights,success-rates-of-modern-cancer-treatments,DONE - verified live now
150 pillar pages,tests-required-before-advanced-therapy-faq-section.json,insights,tests-required-before-advanced-therapy,DONE - verified live now
150 pillar pages,til-therapy-explained-faq-section.json,insights,til-therapy-explained,DONE - verified live now
150 pillar pages,tumor-therapeutic-vaccines-explained-faq-section.json,insights,tumor-therapeutic-vaccines-explained,DONE - verified live now
150 pillar pages,what-are-advanced-cancer-treatments-faq-section.json,insights,what-are-advanced-cancer-treatments,DONE - verified live now
150 pillar pages,when-should-patients-consider-advanced-treatment-faq-section.json,insights,when-should-patients-consider-advanced-treatment,DONE - verified live now
150 pillar pages,immunotherapy-vs-chemotherapy-faq-section.json,insights,immunotherapy-vs-chemotherapy,DONE - verified live now
150 pillar pages,targeted-therapy-vs-immunotherapy-faq-section.json,insights,targeted-therapy-vs-immunotherapy,DONE - verified live now
150 pillar pages,acute-promyelocytic-leukemia-apl-the-most-curable-leukemia-and-why-atra-matters-faq-section.json,,,UNDONE - never had a matching page
150 pillar pages,all-in-adults-treatment-protocol-cns-prophylaxis-and-mrd-guided-therapy-faq-section.json,,,UNDONE - never had a matching page
150 pillar pages,aml-treatment-guide-induction-consolidation-and-when-is-transplant-needed-faq-section.json,,,UNDONE - never had a matching page
150 pillar pages,autologous-stem-cell-transplant-for-myeloma-what-patients-need-to-know-faq-section.json,,,UNDONE - never had a matching page
150 pillar pages,bcma-car-t-for-myeloma-accessing-cilta-cel-and-ide-cel-in-china-faq-section.json,,,UNDONE - never had a matching page
150 pillar pages,bispecific-antibodies-for-blood-cancer-blinatumomab-mosunetuzumab-and-teclistamab-faq-section.json,,,UNDONE - never had a matching page
150 pillar pages,blood-cancer-treatment-costs-china-vs-india-vs-usa-detailed-comparison-faq-section.json,,,UNDONE - never had a matching page
150 pillar pages,bone-marrow-transplant-in-india-cmc-vellore-tata-memorial-and-apollo-compared-faq-section.json,,,UNDONE - never had a matching page
150 pillar pages,car-t-cell-therapy-in-china-how-to-access-axi-cel-and-relma-cel-for-usd-35-00055-000-faq-section.json,,,UNDONE - never had a matching page
150 pillar pages,cll-treatment-when-to-start-btk-inhibitors-vs-venetoclax-and-del17p-management-faq-section.json,,,UNDONE - never had a matching page
150 pillar pages,cml-and-tyrosine-kinase-inhibitors-imatinib-dasatinib-and-treatment-free-remission-faq-section.json,,,UNDONE - never had a matching page
150 pillar pages,dlbcl-treatment-guide-r-chop-car-t-and-what-to-do-at-relapse-faq-section.json,,,UNDONE - never had a matching page
150 pillar pages,getting-a-second-opinion-on-blood-cancer-treatment-in-china-or-india-through-cancerfax-faq-section.json,,,UNDONE - never had a matching page
150 pillar pages,haploidentical-transplant-the-beijing-protocol-and-why-it-matters-for-patients-without-matched-donors-faq-section.json,,,UNDONE - never had a matching page
150 pillar pages,hodgkin-lymphoma-abvd-pet-adapted-treatment-and-cures-in-advanced-disease-faq-section.json,,,UNDONE - never had a matching page
150 pillar pages,mrd-minimal-residual-disease-testing-what-it-is-and-why-it-changes-your-treatment-plan-faq-section.json,,,UNDONE - never had a matching page
150 pillar pages,multiple-myeloma-induction-therapy-vrd-dara-vrd-and-choosing-the-right-triplet-faq-section.json,,,UNDONE - never had a matching page
150 pillar pages,nk-t-cell-lymphoma-enktl-l-asparaginase-regimens-and-china-s-clinical-leadership-faq-section.json,,,UNDONE - never had a matching page
150 pillar pages,what-is-the-difference-between-leukemia-lymphoma-and-myeloma-faq-section.json,,,UNDONE - never had a matching page
150 pillar pages,zanubrutinib-brukinsa-china-s-best-in-class-btk-inhibitor-for-cll-and-mcl-faq-section.json,,,UNDONE - never had a matching page
150 pillar pages,5-ala-fluorescence-guided-brain-tumor-surgery-seeing-cancer-cells-the-eye-cannot-detect-faq-section.json,,,UNDONE - never had a matching page
150 pillar pages,awake-craniotomy-what-it-involves-who-needs-it-and-what-centers-perform-it-faq-section.json,,,UNDONE - never had a matching page
150 pillar pages,brain-metastases-surgery-vs-gamma-knife-vs-whole-brain-radiation-how-to-choose-faq-section.json,guides,brain-metastases-surgery-gamma-knife-wbrt,DONE - verified live now
150 pillar pages,brain-tumor-treatment-costs-china-vs-india-vs-usa-detailed-comparison-faq-section.json,,,UNDONE - never had a matching page
150 pillar pages,brain-tumor-treatment-in-china-tiantan-hospital-beijing-and-the-shanghai-proton-center-faq-section.json,,,UNDONE - never had a matching page
150 pillar pages,gamma-knife-radiosurgery-for-brain-tumors-and-brain-metastases-a-patient-guide-faq-section.json,,,UNDONE - never had a matching page
150 pillar pages,getting-a-second-opinion-on-brain-tumor-treatment-in-china-or-india-through-cancerfax-faq-section.json,,,UNDONE - never had a matching page
150 pillar pages,idh-mutation-in-brain-tumors-what-it-means-and-why-it-matters-for-prognosis-and-treatment-faq-section.json,,,UNDONE - never had a matching page
150 pillar pages,intraoperative-mri-for-brain-tumor-surgery-how-real-time-imaging-improves-resection-faq-section.json,,,UNDONE - never had a matching page
150 pillar pages,medulloblastoma-in-children-molecular-subgroups-treatment-and-long-term-outcomes-faq-section.json,guides,medulloblastoma-children-treatment,DONE - verified live now
150 pillar pages,meningioma-treatment-surgery-gamma-knife-and-when-observation-is-appropriate-faq-section.json,guides,meningioma-treatment-surgery-gamma-knife,DONE - verified live now
150 pillar pages,mgmt-methylation-testing-why-it-is-essential-before-starting-gbm-treatment-faq-section.json,guides,mgmt-methylation-gbm-testing,DONE - verified live now
150 pillar pages,oligodendroglioma-and-1p-19q-co-deletion-the-most-curable-high-grade-brain-tumor-faq-section.json,,,UNDONE - never had a matching page
150 pillar pages,onc201-for-h3k27m-mutant-diffuse-midline-glioma-who-is-eligible-and-how-to-access-it-faq-section.json,,,UNDONE - never had a matching page
150 pillar pages,primary-cns-lymphoma-pcnsl-high-dose-methotrexate-ibrutinib-and-treatment-in-china-faq-section.json,guides,primary-cns-lymphoma-pcnsl-treatment,DONE - verified live now
150 pillar pages,proton-and-carbon-ion-therapy-for-brain-tumors-at-the-shanghai-proton-and-heavy-ion-center-faq-section.json,,,UNDONE - never had a matching page
150 pillar pages,the-stupp-protocol-explained-surgery-radiation-and-temozolomide-for-gbm-faq-section.json,guides,stupp-protocol-gbm-treatment,DONE - verified live now
150 pillar pages,tumor-treating-fields-ttfields-optune-how-it-works-and-who-should-use-it-faq-section.json,,,UNDONE - never had a matching page
150 pillar pages,vorasidenib-for-idh-mutant-grade-2-glioma-the-indigo-trial-and-what-it-means-for-patients-faq-section.json,guides,vorasidenib-idh-mutant-grade-2-glioma-indigo-trial,DONE - verified live now
150 pillar pages,what-is-glioblastoma-gbm-understanding-the-most-aggressive-brain-tumor-faq-section.json,,,UNDONE - never had a matching page
150 pillar pages,bone-metastases-in-breast-cancer-bisphosphonates-denosumab-and-radiation-faq-section.json,,,UNDONE - never had a matching page
150 pillar pages,brain-metastases-in-her2-positive-breast-cancer-treatment-options-including-pyrotinib-faq-section.json,,,UNDONE - never had a matching page
150 pillar pages,brca-testing-for-breast-cancer-what-it-means-and-what-to-do-next-faq-section.json,,,UNDONE - never had a matching page
150 pillar pages,breast-cancer-treatment-costs-china-vs-india-vs-usaa-detailed-comparison-faq-section.json,,,UNDONE - never had a matching page
150 pillar pages,breast-cancer-treatment-in-china-hospitals-costs-and-what-to-expect-faq-section.json,,,UNDONE - never had a matching page
150 pillar pages,breast-reconstruction-after-mastectomy-a-complete-guide-to-options-faq-section.json,,,UNDONE - never had a matching page
150 pillar pages,breast-conserving-surgery-vs-mastectomy-how-to-decide-faq-section.json,,,UNDONE - never had a matching page
150 pillar pages,cdk4-6-inhibitors-for-breast-cancer-palbociclib-ribociclib-and-abemaciclib-compared-faq-section.json,,,UNDONE - never had a matching page
150 pillar pages,getting-a-second-opinion-on-breast-cancer-treatment-in-china-through-cancerfax-faq-section.json,,,UNDONE - never had a matching page
150 pillar pages,her2-positive-breast-cancer-a-complete-guide-for-patients-faq-section.json,,,UNDONE - never had a matching page
150 pillar pages,metastatic-breast-cancer-treatment-goals-sequencing-and-life-expectancy-faq-section.json,,,UNDONE - never had a matching page
150 pillar pages,neoadjuvant-chemotherapy-for-breast-cancer-what-happens-before-surgery-faq-section.json,,,UNDONE - never had a matching page
150 pillar pages,olaparib-and-talazoparib-for-brca-mutated-breast-cancer-a-patient-guide-faq-section.json,,,UNDONE - never had a matching page
150 pillar pages,oncotype-dx-and-genomic-testing-for-early-breast-cancer-do-i-need-chemotherapy-faq-section.json,,,UNDONE - never had a matching page
150 pillar pages,pyrotinib-for-her2-positive-breast-cancer-china-s-approved-alternative-faq-section.json,,,UNDONE - never had a matching page
150 pillar pages,radiation-therapy-for-breast-cancer-modern-techniques-and-what-patients-experience-faq-section.json,,,UNDONE - never had a matching page
150 pillar pages,sacituzumab-govitecan-trodelvy-for-triple-negative-breast-cancer-faq-section.json,,,UNDONE - never had a matching page
150 pillar pages,trastuzumab-deruxtecan-t-dxd-enhertu-who-is-eligible-and-what-to-expect-faq-section.json,,,UNDONE - never had a matching page
150 pillar pages,triple-negative-breast-cancer-immunotherapy-parp-inhibitors-and-new-treatment-options-faq-section.json,,,UNDONE - never had a matching page
150 pillar pages,what-do-er-pr-and-her2-status-mean-for-my-breast-cancer-treatment-faq-section.json,,,UNDONE - never had a matching page
150 pillar pages,cea-ca19-9-afp-and-psa-how-to-understand-tumor-marker-results-faq-section.json,,,UNDONE - never had a matching page
150 pillar pages,diagnosing-cancer-without-enough-tissue-when-re-biopsy-is-needed-faq-section.json,,,UNDONE - never had a matching page
150 pillar pages,dicom-files-what-they-are-and-how-to-get-them-for-your-imaging-faq-section.json,,,UNDONE - never had a matching page
150 pillar pages,how-to-collect-and-organize-your-medical-records-for-a-second-opinion-abroad-faq-section.json,,,UNDONE - never had a matching page
150 pillar pages,how-to-read-a-ct-scan-report-understanding-radiology-language-faq-section.json,,,UNDONE - never had a matching page
150 pillar pages,how-to-read-an-ngs-next-generation-sequencing-cancer-report-faq-section.json,,,UNDONE - never had a matching page
150 pillar pages,how-to-read-your-pathology-report-a-plain-language-guide-for-patients-faq-section.json,,,UNDONE - never had a matching page
150 pillar pages,liquid-biopsy-and-ctdna-blood-based-cancer-testing-explained-faq-section.json,,,UNDONE - never had a matching page
150 pillar pages,missing-biomarker-tests-what-to-do-when-your-molecular-profiling-is-incomplete-faq-section.json,,,UNDONE - never had a matching page
150 pillar pages,molecular-profiling-for-cancer-what-tests-you-need-and-why-faq-section.json,,,UNDONE - never had a matching page
150 pillar pages,pet-ct-explained-what-suv-means-and-when-pet-ct-changes-management-faq-section.json,,,UNDONE - never had a matching page
150 pillar pages,stage-i-to-stage-iv-what-each-stage-means-for-treatment-and-prognosis-faq-section.json,,,UNDONE - never had a matching page
150 pillar pages,the-tnm-staging-system-explained-what-t-n-and-m-mean-for-each-cancer-type-faq-section.json,,,UNDONE - never had a matching page
150 pillar pages,understanding-ki-67-what-the-proliferation-rate-means-for-your-cancer-faq-section.json,,,UNDONE - never had a matching page
150 pillar pages,what-is-a-vus-variant-of-uncertain-significance-in-a-genetic-test-result-faq-section.json,,,UNDONE - never had a matching page
150 pillar pages,what-is-immunohistochemistry-ihc-and-why-does-it-matter-for-your-diagnosis-faq-section.json,,,UNDONE - never had a matching page
150 pillar pages,what-is-msi-and-msi-h-the-biomarker-that-opens-immunotherapy-across-all-cancers-faq-section.json,,,UNDONE - never had a matching page
150 pillar pages,what-is-staging-laparoscopy-and-why-is-it-mandatory-for-gastric-cancer-faq-section.json,,,UNDONE - never had a matching page
150 pillar pages,what-is-tmb-tumor-mutational-burden-and-why-does-it-matter-faq-section.json,,,UNDONE - never had a matching page
150 pillar pages,what-staging-investigations-are-required-for-my-specific-cancer-type-faq-section.json,,,UNDONE - never had a matching page
150 pillar pages,checkpoint-inhibitors-explained-faq-section.json,insights,checkpoint-inhibitors-explained,DONE - verified live now
150 pillar pages,clinical-trials-in-immunotherapy-faq-section.json,insights,clinical-trials-in-immunotherapy,DONE - verified live now
150 pillar pages,combination-immunotherapy-approaches-faq-section.json,insights,combination-immunotherapy-approaches,DONE - verified live now
150 pillar pages,cost-of-immunotherapy-worldwide-faq-section.json,insights,cost-of-immunotherapy-worldwide,DONE - verified live now
150 pillar pages,eligibility-for-immunotherapy-faq-section.json,insights,eligibility-for-immunotherapy,DONE - verified live now
150 pillar pages,future-of-cancer-immunotherapy-faq-section.json,insights,future-of-cancer-immunotherapy,DONE - verified live now
150 pillar pages,how-immunotherapy-works-faq-section.json,insights,how-immunotherapy-works,DONE - verified live now
150 pillar pages,immune-related-adverse-events-faq-section.json,insights,immune-related-adverse-events,DONE - verified live now
150 pillar pages,immunotherapy-for-bladder-cancer-faq-section.json,insights,immunotherapy-for-bladder-cancer,DONE - verified live now
150 pillar pages,immunotherapy-for-colorectal-cancer-faq-section.json,insights,immunotherapy-for-colorectal-cancer,DONE - verified live now
150 pillar pages,immunotherapy-for-kidney-cancer-faq-section.json,insights,immunotherapy-for-kidney-cancer,DONE - verified live now
150 pillar pages,immunotherapy-for-lung-cancer-faq-section.json,insights,immunotherapy-for-lung-cancer,DONE - verified live now
150 pillar pages,immunotherapy-for-melanoma-faq-section.json,insights,immunotherapy-for-melanoma,DONE - verified live now
150 pillar pages,immunotherapy-vs-targeted-therapy-faq-section.json,insights,targeted-therapy-vs-immunotherapy,DONE - verified live now
150 pillar pages,monoclonal-antibodies-in-cancer-faq-section.json,insights,monoclonal-antibodies-in-cancer,DONE - verified live now
150 pillar pages,side-effects-of-immunotherapy-faq-section.json,insights,side-effects-of-immunotherapy,DONE - verified live now
150 pillar pages,success-rates-of-immunotherapy-faq-section.json,insights,success-rates-of-immunotherapy,DONE - verified live now
150 pillar pages,types-of-cancer-immunotherapy-faq-section.json,insights,types-of-cancer-immunotherapy,DONE - verified live now
150 pillar pages,what-is-cancer-immunotherapy-faq-section.json,insights,what-is-cancer-immunotherapy,DONE - verified live now
150 pillar pages,bispecific-car-nk-cells-targeting-two-antigens-to-prevent-antigen-escape-faq-section.json,,,UNDONE - never had a matching page
150 pillar pages,car-nk-clinical-trials-in-china-a-guide-to-the-major-programs-and-eligibility-faq-section.json,,,UNDONE - never had a matching page
150 pillar pages,car-nk-therapy-for-aml-why-nk-cells-may-succeed-where-car-t-has-struggled-faq-section.json,,,UNDONE - never had a matching page
150 pillar pages,car-nk-therapy-for-patients-who-have-relapsed-after-car-t-what-the-options-are-faq-section.json,,,UNDONE - never had a matching page
150 pillar pages,car-nk-vs-car-t-a-comparison-guide-for-patients-choosing-between-cellular-therapies-faq-section.json,,,UNDONE - never had a matching page
150 pillar pages,cd19-directed-car-nk-therapy-for-b-cell-lymphoma-what-the-trial-data-shows-faq-section.json,,,UNDONE - never had a matching page
150 pillar pages,cord-blood-derived-car-nk-cells-the-md-anderson-trial-that-changed-the-field-faq-section.json,,,UNDONE - never had a matching page
150 pillar pages,cost-of-car-nk-therapy-clinical-trial-access-vs-future-commercial-pricing-faq-section.json,,,UNDONE - never had a matching page
150 pillar pages,gpc3-directed-car-nk-for-hepatocellular-carcinoma-chinese-clinical-trials-faq-section.json,,,UNDONE - never had a matching page
150 pillar pages,her2-directed-car-nk-therapy-for-breast-cancer-and-gastric-cancer-china-s-program-faq-section.json,,,UNDONE - never had a matching page
150 pillar pages,how-to-access-a-car-nk-cell-therapy-clinical-trial-in-china-through-cancerfax-faq-section.json,,,UNDONE - never had a matching page
150 pillar pages,india-s-car-nk-program-immunoact-s-platform-and-academic-centre-development-faq-section.json,,,UNDONE - never had a matching page
150 pillar pages,ipsc-derived-nk-cells-the-future-of-scalable-car-nk-manufacturing-faq-section.json,,,UNDONE - never had a matching page
150 pillar pages,nkg2d-car-nk-cells-targeting-cancer-across-multiple-tumor-types-with-one-receptor-faq-section.json,,,UNDONE - never had a matching page
150 pillar pages,questions-to-ask-your-oncologist-about-car-nk-cell-therapy-clinical-trials-faq-section.json,,,UNDONE - never had a matching page
150 pillar pages,what-are-natural-killer-cells-and-how-do-they-fight-cancer-faq-section.json,,,UNDONE - never had a matching page
150 pillar pages,what-happens-during-a-car-nk-cell-therapy-trial-the-complete-patient-journey-faq-section.json,,,UNDONE - never had a matching page
150 pillar pages,what-is-an-off-the-shelf-cell-therapy-and-why-it-matters-for-access-faq-section.json,,,UNDONE - never had a matching page
150 pillar pages,what-is-car-nk-cell-therapy-and-how-is-it-different-from-car-t-faq-section.json,,,UNDONE - never had a matching page
150 pillar pages,why-car-nk-therapy-causes-less-crs-and-icans-than-car-t-faq-section.json,,,UNDONE - never had a matching page
150 pillar pages,cancers-treated-with-car-t-therapy-faq-section.json,insights,cancers-treated-with-car-t-therapy,DONE - verified live now
150 pillar pages,car-t-clinical-trials-faq-section.json,insights,car-t-clinical-trials,DONE - verified live now
150 pillar pages,car-t-therapy-for-leukemia-faq-section.json,guides,car-t-cell-therapy-for-leukemia,DONE - verified live now
150 pillar pages,car-t-therapy-for-lymphoma-faq-section.json,,,UNDONE - never had a matching page
150 pillar pages,car-t-therapy-for-multiple-myeloma-faq-section.json,,,UNDONE - never had a matching page
150 pillar pages,car-t-therapy-for-solid-tumors-faq-section.json,treatments,car-t-cell-therapy-for-solid-tumors,DONE - verified live now
150 pillar pages,car-t-treatment-process-faq-section.json,insights,car-t-treatment-process,DONE - verified live now
150 pillar pages,car-t-vs-bone-marrow-transplant-faq-section.json,insights,car-t-vs-bone-marrow-transplant,DONE - verified live now
150 pillar pages,car-t-vs-til-therapy-faq-section.json,insights,car-t-vs-til-therapy,DONE - verified live now
150 pillar pages,cost-of-car-t-therapy-worldwide-faq-section.json,insights,cost-of-car-t-therapy-worldwide,DONE - verified live now
150 pillar pages,cytokine-release-syndrome-explained-faq-section.json,insights,cytokine-release-syndrome-explained,DONE - verified live now
150 pillar pages,eligibility-for-car-t-therapy-faq-section.json,insights,eligibility-for-car-t-therapy,DONE - verified live now
150 pillar pages,future-of-car-t-therapy-faq-section.json,insights,future-of-car-t-therapy,DONE - verified live now
150 pillar pages,hospital-stay-for-car-t-therapy-faq-section.json,insights,hospital-stay-for-car-t-therapy,DONE - verified live now
150 pillar pages,how-car-t-therapy-works-faq-section.json,insights,how-car-t-therapy-works,DONE - verified live now
150 pillar pages,questions-patients-should-ask-faq-section.json,insights,questions-patients-should-ask,DONE - verified live now
150 pillar pages,side-effects-of-car-t-therapy-faq-section.json,insights,side-effects-of-car-t-therapy,DONE - verified live now
150 pillar pages,success-rates-of-car-t-therapy-faq-section.json,insights,success-rates-of-car-t-therapy,DONE - verified live now
150 pillar pages,tests-required-before-car-t-therapy-faq-section.json,insights,tests-required-before-car-t-therapy,DONE - verified live now
150 pillar pages,what-is-car-t-cell-therapy-faq-section.json,insights,what-is-car-t-cell-therapy,DONE - verified live now
150 pillar pages,benefits-and-risks-of-clinical-trials-faq-section.json,insights,benefits-and-risks-of-clinical-trials,DONE - verified live now
150 pillar pages,clinical-trials-at-leading-cancer-centers-faq-section.json,insights,clinical-trials-at-leading-cancer-centers,DONE - verified live now
150 pillar pages,clinical-trials-for-stage-4-cancer-faq-section.json,insights,clinical-trials-stage-4-cancer,DONE - verified live now
150 pillar pages,compassionate-use-programs-faq-section.json,insights,compassionate-use-programs,DONE - verified live now
150 pillar pages,cost-of-participating-in-clinical-trials-faq-section.json,insights,cost-of-participating-in-clinical-trials,DONE - verified live now
150 pillar pages,eligibility-for-clinical-trials-faq-section.json,insights,eligibility-for-clinical-trials,DONE - verified live now
150 pillar pages,expanded-access-programs-faq-section.json,insights,expanded-access-programs,DONE - verified live now
150 pillar pages,how-cancerfax-helps-with-trial-access-faq-section.json,insights,how-cancerfax-helps-with-trial-access,DONE - verified live now
150 pillar pages,how-results-are-measured-in-trials-faq-section.json,insights,how-results-are-measured-in-clinical-trials,DONE - verified live now
150 pillar pages,how-to-apply-for-a-clinical-trial-faq-section.json,insights,how-to-apply-for-a-clinical-trial,DONE - verified live now
150 pillar pages,how-to-find-a-clinical-trial-faq-section.json,insights,how-to-find-a-clinical-trial,DONE - verified live now
150 pillar pages,international-clinical-trials-faq-section.json,insights,international-clinical-trials,DONE - verified live now
150 pillar pages,patient-rights-in-clinical-trials-faq-section.json,insights,patient-rights-in-clinical-trials,DONE - verified live now
150 pillar pages,phases-of-clinical-trials-explained-faq-section.json,insights,phases-of-clinical-trials-explained,DONE - verified live now
150 pillar pages,placebo-in-cancer-trials-faq-section.json,insights,placebo-in-cancer-trials,DONE - verified live now
150 pillar pages,questions-to-ask-about-clinical-trials-faq-section.json,insights,questions-to-ask-about-clinical-trials,DONE - verified live now
150 pillar pages,travel-support-for-clinical-trials-faq-section.json,insights,travel-support-for-clinical-trials,DONE - verified live now
150 pillar pages,what-are-cancer-clinical-trials-faq-section.json,insights,what-are-cancer-clinical-trials,DONE - verified live now
150 pillar pages,clinical-trials-for-pediatric-cancer-faq-section.json,insights,clinical-trials-for-pediatric-cancer,DONE - verified live now
150 pillar pages,clinical-trials-for-rare-cancers-faq-section.json,insights,clinical-trials-for-rare-cancers,DONE - verified live now
150 pillar pages,autologous-vs-allogeneic-gamma-delta-t-cell-therapy-faq-section.json,,,UNDONE - never had a matching page
150 pillar pages,car-gamma-delta-t-cell-therapy-the-next-generation-faq-section.json,,,UNDONE - never had a matching page
150 pillar pages,clinical-trials-in-gamma-delta-t-cell-therapy-how-to-find-and-access-them-faq-section.json,,,UNDONE - never had a matching page
150 pillar pages,combining-gamma-delta-t-cells-with-zoledronate-bisphosphonate-faq-section.json,,,UNDONE - never had a matching page
150 pillar pages,gamma-delta-t-cell-therapy-for-breast-cancer-faq-section.json,,,UNDONE - never had a matching page
150 pillar pages,gamma-delta-t-cell-therapy-for-liver-cancer-faq-section.json,,,UNDONE - never had a matching page
150 pillar pages,gamma-delta-t-cell-therapy-for-lung-cancer-faq-section.json,,,UNDONE - never had a matching page
150 pillar pages,gamma-delta-t-cell-therapy-for-neuroblastoma-and-paediatric-cancers-faq-section.json,,,UNDONE - never had a matching page
150 pillar pages,gamma-delta-t-cell-therapy-for-renal-cell-carcinoma-faq-section.json,,,UNDONE - never had a matching page
150 pillar pages,gamma-delta-t-cell-therapy-in-china-current-status-and-access-faq-section.json,,,UNDONE - never had a matching page
150 pillar pages,gamma-delta-t-cell-therapy-plus-immunotherapy-and-checkpoint-inhibitors-faq-section.json,,,UNDONE - never had a matching page
150 pillar pages,gamma-delta-t-cell-therapy-vs-car-t-key-differences-faq-section.json,,,UNDONE - never had a matching page
150 pillar pages,how-gamma-delta-t-cells-kill-cancer-without-mhc-restriction-faq-section.json,,,UNDONE - never had a matching page
150 pillar pages,in-vivo-activation-zoledronate-plus-il-2-for-gamma-delta-t-cell-stimulation-faq-section.json,,,UNDONE - never had a matching page
150 pillar pages,phosphoantigens-and-the-butyrophilin-axis-the-natural-tumour-sensing-mechanism-faq-section.json,,,UNDONE - never had a matching page
150 pillar pages,side-effects-and-safety-of-gamma-delta-t-cell-therapy-faq-section.json,,,UNDONE - never had a matching page
150 pillar pages,the-future-of-gamma-delta-t-cell-therapy-allogeneic-car-gdt-and-bispecific-approaches-faq-section.json,,,UNDONE - never had a matching page
150 pillar pages,v9v2-t-cells-the-circulating-anti-tumour-subset-faq-section.json,,,UNDONE - never had a matching page
150 pillar pages,v1-t-cells-the-tissue-resident-cancer-killers-faq-section.json,,,UNDONE - never had a matching page
150 pillar pages,what-are-gamma-delta-t-cells-a-patient-introduction-faq-section.json,,,UNDONE - never had a matching page
150 pillar pages,adjuvant-nivolumab-after-chemoradiation-for-esophageal-cancer-checkmate-577-explained-faq-section.json,,,UNDONE - never had a matching page
150 pillar pages,apatinib-rivoceranib-for-third-line-gastric-cancer-china-s-approved-targeted-therapy-faq-section.json,,,UNDONE - never had a matching page
150 pillar pages,cldn18-2-testing-for-gastric-cancer-what-it-is-and-why-it-matters-faq-section.json,,,UNDONE - never had a matching page
150 pillar pages,cross-chemoradiation-for-esophageal-cancer-what-it-involves-and-what-to-expect-faq-section.json,,,UNDONE - never had a matching page
150 pillar pages,d2-gastrectomy-vs-d1-why-surgical-technique-determines-long-term-survival-faq-section.json,,,UNDONE - never had a matching page
150 pillar pages,endoscopic-submucosal-dissection-esd-for-early-gastric-and-esophageal-cancer-a-patient-guide-faq-section.json,,,UNDONE - never had a matching page
150 pillar pages,esophageal-cancer-treatment-in-china-beijing-cancer-hospital-and-henan-cancer-hospital-faq-section.json,,,UNDONE - never had a matching page
150 pillar pages,esophageal-squamous-cell-carcinoma-in-asia-risk-factors-screening-and-treatment-faq-section.json,,,UNDONE - never had a matching page
150 pillar pages,flot-vs-sox-vs-capox-perioperative-chemotherapy-comparing-options-for-resectable-gastric-cancer-faq-section.json,,,UNDONE - never had a matching page
150 pillar pages,gastric-and-esophageal-cancer-treatment-costs-china-vs-india-vs-usa-detailed-comparison-faq-section.json,,,UNDONE - never had a matching page
150 pillar pages,gastric-cancer-surgery-in-china-sun-yat-sen-university-cancer-center-and-fudan-shanghai-compared-faq-section.json,,,UNDONE - never had a matching page
150 pillar pages,getting-a-second-opinion-on-gastric-or-esophageal-cancer-in-china-or-india-through-cancerfax-faq-section.json,,,UNDONE - never had a matching page
150 pillar pages,her2-positive-gastric-cancer-trastuzumab-t-dxd-and-what-access-in-china-means-faq-section.json,,,UNDONE - never had a matching page
150 pillar pages,laparoscopic-gastrectomy-for-gastric-cancer-what-minimally-invasive-surgery-looks-like-faq-section.json,,,UNDONE - never had a matching page
150 pillar pages,msi-h-gastric-cancer-why-immunotherapy-can-achieve-long-term-remission-faq-section.json,,,UNDONE - never had a matching page
150 pillar pages,oesophagectomy-ivor-lewis-vs-mckeown-vs-transhiatal-understanding-the-approaches-faq-section.json,,,UNDONE - never had a matching page
150 pillar pages,peritoneal-metastasis-in-gastric-cancer-hipec-and-pipac-options-in-china-faq-section.json,,,UNDONE - never had a matching page
150 pillar pages,sintilimab-and-tislelizumab-china-s-approved-pd-1-inhibitors-for-gastric-and-esophageal-cancer-faq-section.json,,,UNDONE - never had a matching page
150 pillar pages,staging-laparoscopy-for-gastric-cancer-why-it-must-be-done-before-surgery-faq-section.json,,,UNDONE - never had a matching page
150 pillar pages,what-is-h-pylori-and-how-does-it-cause-gastric-cancer-faq-section.json,,,UNDONE - never had a matching page
150 pillar pages,clinical-trials-in-gene-therapy-faq-section.json,insights,clinical-trials-in-gene-therapy,DONE - verified live now
150 pillar pages,cost-of-gene-therapy-worldwide-faq-section.json,insights,cost-of-gene-therapy-worldwide,DONE - verified live now
150 pillar pages,countries-offering-gene-therapy-faq-section.json,insights,countries-offering-gene-therapy,DONE - verified live now
150 pillar pages,crispr-in-cancer-treatment-faq-section.json,insights,crispr-in-cancer-treatment,DONE - verified live now
150 pillar pages,eligibility-for-gene-therapy-faq-section.json,insights,eligibility-for-gene-therapy,DONE - verified live now
150 pillar pages,future-of-gene-therapy-faq-section.json,insights,future-of-gene-therapy,DONE - verified live now
150 pillar pages,gene-editing-vs-gene-replacement-faq-section.json,insights,gene-editing-vs-gene-replacement,DONE - verified live now
150 pillar pages,gene-therapy-for-leukemia-faq-section.json,guides,gene-therapy-for-leukemia,DONE - verified live now
150 pillar pages,gene-therapy-for-rare-cancers-faq-section.json,guides,gene-therapy-for-rare-cancers,DONE - verified live now
150 pillar pages,gene-therapy-for-solid-tumors-faq-section.json,guides,gene-therapy-for-solid-tumors,DONE - verified live now
150 pillar pages,gene-therapy-treatment-process-faq-section.json,insights,gene-therapy-treatment-process,DONE - verified live now
150 pillar pages,gene-therapy-vs-car-t-therapy-faq-section.json,insights,gene-therapy-vs-cart-therapy,DONE - verified live now
150 pillar pages,how-gene-therapy-works-faq-section.json,insights,how-gene-therapy-works,DONE - verified live now
150 pillar pages,questions-to-ask-about-gene-therapy-faq-section.json,insights,questions-to-ask-about-gene-therapy,DONE - verified live now
150 pillar pages,side-effects-of-gene-therapy-faq-section.json,insights,side-effects-of-gene-therapy,DONE - verified live now
150 pillar pages,success-rates-of-gene-therapy-faq-section.json,insights,success-rates-of-gene-therapy,DONE - verified live now
150 pillar pages,tests-before-gene-therapy-faq-section.json,insights,tests-before-gene-therapy,DONE - verified live now
150 pillar pages,types-of-gene-therapy-in-oncology-faq-section.json,insights,types-of-gene-therapy-in-oncology,DONE - verified live now
150 pillar pages,viral-vectors-in-gene-therapy-faq-section.json,insights,viral-vectors-in-gene-therapy,DONE - verified live now
150 pillar pages,what-is-gene-therapy-for-cancer-faq-section.json,insights,what-is-gene-therapy-for-cancer,DONE - verified live now
150 pillar pages,accessing-gene-therapy-clinical-trials-in-china-for-thalassemia-through-cancerfax-faq-section.json,,,UNDONE - never had a matching page
150 pillar pages,allogeneic-stem-cell-transplantation-for-thalassemia-the-pesaro-classification-and-outcomes-faq-section.json,,,UNDONE - never had a matching page
150 pillar pages,base-editing-and-prime-editing-the-next-generation-of-gene-editing-beyond-crispr-faq-section.json,,,UNDONE - never had a matching page
150 pillar pages,casgevy-exagamglogene-autotemcel-the-first-approved-crispr-therapy-a-patient-guide-faq-section.json,,,UNDONE - never had a matching page
150 pillar pages,comparing-costs-gene-therapy-vs-lifelong-transfusion-vs-transplant-for-thalassemia-major-faq-section.json,,,UNDONE - never had a matching page
150 pillar pages,crispr-cas9-gene-editing-how-it-works-and-why-it-is-different-from-earlier-gene-therapy-faq-section.json,,,UNDONE - never had a matching page
150 pillar pages,fanconi-anemia-bone-marrow-failure-cancer-risk-and-gene-therapy-options-faq-section.json,,,UNDONE - never had a matching page
150 pillar pages,gene-therapy-clinical-trials-in-china-how-to-find-and-access-trials-at-zhejiang-university-faq-section.json,,,UNDONE - never had a matching page
150 pillar pages,haemophilia-a-and-b-factor-replacement-emicizumab-and-gene-therapy-options-faq-section.json,,,UNDONE - never had a matching page
150 pillar pages,haploidentical-stem-cell-transplant-beijing-protocol-curative-transplant-without-a-matched-sibling-faq-section.json,,,UNDONE - never had a matching page
150 pillar pages,hla-typing-and-donor-matching-what-the-process-involves-and-how-long-it-takes-faq-section.json,,,UNDONE - never had a matching page
150 pillar pages,india-s-national-sickle-cell-elimination-mission-what-it-means-for-affected-families-faq-section.json,,,UNDONE - never had a matching page
150 pillar pages,questions-to-ask-before-committing-to-gene-therapy-or-transplant-for-a-blood-disorder-faq-section.json,,,UNDONE - never had a matching page
150 pillar pages,sickle-cell-disease-complications-hydroxyurea-and-the-case-for-curative-treatment-faq-section.json,,,UNDONE - never had a matching page
150 pillar pages,stem-cell-transplant-for-thalassemia-at-cmc-vellore-a-guide-for-families-from-south-asia-faq-section.json,,,UNDONE - never had a matching page
150 pillar pages,thalassemia-major-what-monthly-transfusions-and-iron-chelation-involve-faq-section.json,,,UNDONE - never had a matching page
150 pillar pages,what-is-gene-therapy-and-how-does-it-work-for-inherited-blood-disorders-faq-section.json,,,UNDONE - never had a matching page
150 pillar pages,what-is-thalassemia-alpha-and-beta-thalassemia-explained-for-patients-and-families-faq-section.json,,,UNDONE - never had a matching page
150 pillar pages,wiskott-aldrich-syndrome-immunodeficiency-bleeding-and-otl-103-gene-therapy-faq-section.json,,,UNDONE - never had a matching page
150 pillar pages,zynteglo-and-lyfgenia-lentiviral-gene-therapy-for-thalassemia-and-sickle-cell-disease-faq-section.json,,,UNDONE - never had a matching page
150 pillar pages,acupuncture-for-cancer-patients-what-it-treats-how-it-works-and-is-it-safe-faq-section.json,,,UNDONE - never had a matching page
150 pillar pages,acupuncture-for-chemotherapy-induced-peripheral-neuropathy-cipn-faq-section.json,,,UNDONE - never had a matching page
150 pillar pages,ashwagandha-and-curcumin-in-cancer-what-the-clinical-evidence-shows-faq-section.json,,,UNDONE - never had a matching page
150 pillar pages,ayurveda-and-cancer-what-is-safe-what-is-beneficial-and-what-to-avoid-faq-section.json,,,UNDONE - never had a matching page
150 pillar pages,cancer-nutrition-guide-what-to-eat-during-chemotherapy-and-radiation-faq-section.json,,,UNDONE - never had a matching page
150 pillar pages,cancer-survivorship-managing-fatigue-cognitive-effects-and-neuropathy-after-treatment-faq-section.json,,,UNDONE - never had a matching page
150 pillar pages,chemotherapy-nausea-and-vomiting-complementary-approaches-beyond-antiemetics-faq-section.json,,,UNDONE - never had a matching page
150 pillar pages,drug-herb-interactions-during-cancer-treatment-a-patient-safety-guide-faq-section.json,,,UNDONE - never had a matching page
150 pillar pages,exercise-during-cancer-treatment-the-complete-guide-for-patients-faq-section.json,,,UNDONE - never had a matching page
150 pillar pages,fear-of-cancer-recurrence-evidence-based-psychological-approaches-faq-section.json,,,UNDONE - never had a matching page
150 pillar pages,integrative-oncology-services-in-china-and-india-what-cancerfax-patients-can-access-faq-section.json,,,UNDONE - never had a matching page
150 pillar pages,managing-cancer-related-fatigue-the-evidence-based-toolkit-faq-section.json,,,UNDONE - never had a matching page
150 pillar pages,mindfulness-and-mbsr-for-cancer-patients-how-to-start-and-what-to-expect-faq-section.json,,,UNDONE - never had a matching page
150 pillar pages,omega-3-fatty-acids-and-cancer-evidence-for-muscle-preservation-and-anti-inflammation-faq-section.json,,,UNDONE - never had a matching page
150 pillar pages,sleep-problems-during-cancer-treatment-cbt-i-and-integrative-approaches-faq-section.json,,,UNDONE - never had a matching page
150 pillar pages,st-john-s-wort-and-cancer-drugs-why-this-herb-is-absolutely-contraindicated-faq-section.json,,,UNDONE - never had a matching page
150 pillar pages,supplements-and-herbal-medicines-during-cancer-treatment-what-is-safe-and-what-is-not-faq-section.json,,,UNDONE - never had a matching page
150 pillar pages,traditional-chinese-medicine-in-cancer-care-what-chinese-oncology-centers-offer-faq-section.json,,,UNDONE - never had a matching page
150 pillar pages,what-is-integrative-oncology-and-how-is-it-different-from-alternative-medicine-faq-section.json,,,UNDONE - never had a matching page
150 pillar pages,yoga-for-cancer-a-guide-to-safe-practice-adapted-for-treatment-and-survivorship-faq-section.json,,,UNDONE - never had a matching page
150 pillar pages,cancer-treatment-in-china-faq-section.json,guides,cancer-treatment-in-china,RAN BUT NOW MISSING (slug drift/deleted)
150 pillar pages,cancer-treatment-in-germany-faq-section.json,guides,cancer-treatment-in-germany,RAN BUT NOW MISSING (slug drift/deleted)
150 pillar pages,cancer-treatment-in-india-faq-section.json,guides,cancer-treatment-in-india,RAN BUT NOW MISSING (slug drift/deleted)
150 pillar pages,cancer-treatment-in-israel-faq-section.json,guides,cancer-treatment-in-israel,RAN BUT NOW MISSING (slug drift/deleted)
150 pillar pages,cancer-treatment-in-japan-faq-section.json,guides,cancer-treatment-in-japan,RAN BUT NOW MISSING (slug drift/deleted)
150 pillar pages,cancer-treatment-in-singapore-faq-section.json,guides,cancer-treatment-in-singapore,RAN BUT NOW MISSING (slug drift/deleted)
150 pillar pages,cancer-treatment-in-south-korea-faq-section.json,guides,cancer-treatment-in-south-korea,RAN BUT NOW MISSING (slug drift/deleted)
150 pillar pages,cancer-treatment-in-thailand-faq-section.json,guides,cancer-treatment-in-thailand,RAN BUT NOW MISSING (slug drift/deleted)
150 pillar pages,cancer-treatment-in-the-usa-faq-section.json,,,UNDONE - never had a matching page
150 pillar pages,cancer-treatment-in-turkey-faq-section.json,guides,cancer-treatment-in-turkey,RAN BUT NOW MISSING (slug drift/deleted)
150 pillar pages,cost-comparison-of-treatment-worldwide-faq-section.json,guides,cost-comparison-of-treatment-worldwide,DONE - verified live now
150 pillar pages,how-cancerfax-facilitates-international-treatment-faq-section.json,guides,how-cancerfax-facilitates-international-treatment,DONE - verified live now
150 pillar pages,how-to-choose-a-hospital-abroad-faq-section.json,guides,how-to-choose-a-hospital-abroad,DONE - verified live now
150 pillar pages,insurance-and-financing-abroad-faq-section.json,guides,insurance-and-financing-abroad,DONE - verified live now
150 pillar pages,language-and-communication-abroad-faq-section.json,guides,language-and-communication-abroad,DONE - verified live now
150 pillar pages,medical-visa-for-cancer-treatment-faq-section.json,guides,medical-visa-for-cancer-treatment,DONE - verified live now
150 pillar pages,second-opinions-from-international-experts-faq-section.json,guides,second-opinions-from-international-experts,DONE - verified live now
150 pillar pages,top-countries-for-cancer-treatment-faq-section.json,guides,top-countries-for-cancer-treatment,DONE - verified live now
150 pillar pages,travel-and-accommodation-for-patients-faq-section.json,guides,travel-and-accommodation-for-patients,DONE - verified live now
150 pillar pages,why-patients-seek-cancer-treatment-abroad-faq-section.json,guides,why-patients-seek-cancer-treatment-abroad,DONE - verified live now
150 pillar pages,afp-monitoring-in-hcc-what-your-levels-mean-and-when-to-be-concerned-faq-section.json,,,UNDONE - never had a matching page
150 pillar pages,atezolizumab-bevacizumab-vs-sintilimab-bevacizumab-for-advanced-hcc-comparing-options-faq-section.json,,,UNDONE - never had a matching page
150 pillar pages,bclc-staging-for-liver-cancer-what-your-stage-means-for-treatment-options-faq-section.json,,,UNDONE - never had a matching page
150 pillar pages,child-pugh-score-explained-what-it-means-for-liver-cancer-treatment-eligibility-faq-section.json,,,UNDONE - never had a matching page
150 pillar pages,colorectal-liver-metastases-resection-tace-and-haic-options-in-china-and-india-faq-section.json,,,UNDONE - never had a matching page
150 pillar pages,downstaging-unresectable-hcc-tace-haic-and-conversion-surgery-pathways-faq-section.json,,,UNDONE - never had a matching page
150 pillar pages,getting-a-second-opinion-on-unresectable-hcc-in-china-or-india-through-cancerfax-faq-section.json,,,UNDONE - never had a matching page
150 pillar pages,haic-folfox-china-s-preferred-treatment-for-advanced-hcc-with-portal-vein-thrombus-faq-section.json,,,UNDONE - never had a matching page
150 pillar pages,hepatic-resection-for-hcc-what-surgery-involves-and-what-recovery-looks-like-faq-section.json,,,UNDONE - never had a matching page
150 pillar pages,hepatitis-b-and-liver-cancer-why-antiviral-therapy-must-continue-during-hcc-treatment-faq-section.json,,,UNDONE - never had a matching page
150 pillar pages,intrahepatic-cholangiocarcinoma-fgfr2-fusions-idh1-mutations-and-targeted-therapy-faq-section.json,,,UNDONE - never had a matching page
150 pillar pages,liver-cancer-treatment-costs-china-vs-india-vs-usa-detailed-comparison-faq-section.json,,,UNDONE - never had a matching page
150 pillar pages,liver-transplantation-for-hcc-milan-criteria-beyond-milan-and-waiting-lists-faq-section.json,,,UNDONE - never had a matching page
150 pillar pages,living-donor-liver-transplantation-in-india-what-patients-need-to-know-faq-section.json,,,UNDONE - never had a matching page
150 pillar pages,portal-vein-tumor-thrombus-pvtt-why-china-s-approach-differs-from-western-guidelines-faq-section.json,,,UNDONE - never had a matching page
150 pillar pages,proton-and-heavy-ion-therapy-for-liver-cancer-at-the-shanghai-proton-and-heavy-ion-center-faq-section.json,,,UNDONE - never had a matching page
150 pillar pages,rfa-vs-microwave-ablation-for-small-hcc-how-to-choose-faq-section.json,,,UNDONE - never had a matching page
150 pillar pages,sirt-y-90-radioembolization-for-liver-cancer-procedure-recovery-and-outcomes-faq-section.json,,,UNDONE - never had a matching page
150 pillar pages,tace-for-liver-cancer-conventional-vs-drug-eluting-bead-what-patients-need-to-know-faq-section.json,,,UNDONE - never had a matching page
150 pillar pages,what-is-hepatocellular-carcinoma-hcc-and-how-is-it-different-from-other-liver-cancers-faq-section.json,,,UNDONE - never had a matching page
150 pillar pages,alk-and-ros1-lung-cancer-targeted-therapy-guide-faq-section.json,,,UNDONE - never had a matching page
150 pillar pages,brain-metastases-from-lung-cancer-treatment-options-faq-section.json,,,UNDONE - never had a matching page
150 pillar pages,egfr-mutation-lung-cancer-osimertinib-and-beyond-faq-section.json,,,UNDONE - never had a matching page
150 pillar pages,kras-g12c-lung-cancer-the-new-targetable-mutation-faq-section.json,,,UNDONE - never had a matching page
150 pillar pages,liquid-biopsy-and-ctdna-testing-in-lung-cancer-faq-section.json,,,UNDONE - never had a matching page
150 pillar pages,lung-cancer-clinical-trials-how-to-find-and-access-them-faq-section.json,,,UNDONE - never had a matching page
150 pillar pages,lung-cancer-in-never-smokers-causes-and-what-to-expect-faq-section.json,,,UNDONE - never had a matching page
150 pillar pages,lung-cancer-symptoms-diagnosis-and-staging-explained-faq-section.json,,,UNDONE - never had a matching page
150 pillar pages,lung-cancer-treatment-in-china-hospitals-cost-and-access-faq-section.json,,,UNDONE - never had a matching page
150 pillar pages,pd-l1-and-immunotherapy-in-lung-cancer-faq-section.json,insights,immunotherapy-for-lung-cancer,DONE - verified live now
150 pillar pages,pembrolizumab-for-lung-cancer-a-patient-guide-faq-section.json,,,UNDONE - never had a matching page
150 pillar pages,ret-met-braf-her2-and-rare-driver-mutations-in-lung-cancer-faq-section.json,,,UNDONE - never had a matching page
150 pillar pages,sbrt-for-early-stage-lung-cancer-faq-section.json,,,UNDONE - never had a matching page
150 pillar pages,second-opinion-for-lung-cancer-how-and-where-faq-section.json,,,UNDONE - never had a matching page
150 pillar pages,small-cell-lung-cancer-treatment-guide-faq-section.json,,,UNDONE - never had a matching page
150 pillar pages,stage-iii-lung-cancer-concurrent-chemoradiation-and-durvalumab-faq-section.json,,,UNDONE - never had a matching page
150 pillar pages,stage-iv-lung-cancer-treatment-options-and-what-to-expect-faq-section.json,,,UNDONE - never had a matching page
150 pillar pages,surgery-for-lung-cancer-vats-robotic-and-open-approaches-faq-section.json,,,UNDONE - never had a matching page
150 pillar pages,what-is-lung-cancer-types-subtypes-and-biology-faq-section.json,,,UNDONE - never had a matching page
150 pillar pages,why-molecular-testing-is-essential-before-lung-cancer-treatment-faq-section.json,,,UNDONE - never had a matching page
150 pillar pages,cancers-treated-with-oncolytic-virus-therapy-faq-section.json,insights,cancers-treated-with-oncolytic-virus-therapy,DONE - verified live now
150 pillar pages,clinical-trials-in-oncolytic-virus-therapy-faq-section.json,insights,clinical-trials-oncolytic-virus-therapy,DONE - verified live now
150 pillar pages,combination-with-checkpoint-inhibitors-faq-section.json,,,UNDONE - never had a matching page
150 pillar pages,cost-of-oncolytic-virus-treatment-faq-section.json,insights,cost-oncolytic-virus-treatment,DONE - verified live now
150 pillar pages,eligibility-for-oncolytic-virus-therapy-faq-section.json,insights,eligibility-for-oncolytic-virus-therapy,DONE - verified live now
150 pillar pages,fda-approved-oncolytic-virus-therapies-faq-section.json,insights,fda-approved-oncolytic-virus-therapies,DONE - verified live now
150 pillar pages,future-of-oncolytic-virus-research-faq-section.json,insights,future-oncolytic-virus-research,DONE - verified live now
150 pillar pages,how-oncolytic-viruses-work-faq-section.json,insights,how-oncolytic-viruses-work,DONE - verified live now
150 pillar pages,oncolytic-virus-for-brain-tumors-faq-section.json,insights,oncolytic-virus-for-brain-tumors,DONE - verified live now
150 pillar pages,oncolytic-virus-for-liver-cancer-faq-section.json,insights,oncolytic-virus-for-liver-cancer,DONE - verified live now
150 pillar pages,oncolytic-virus-for-melanoma-faq-section.json,insights,oncolytic-virus-for-melanoma,DONE - verified live now
150 pillar pages,oncolytic-virus-vs-chemotherapy-faq-section.json,insights,oncolytic-virus-vs-chemotherapy,DONE - verified live now
150 pillar pages,oncolytic-virus-vs-immunotherapy-faq-section.json,insights,oncolytic-virus-vs-immunotherapy,DONE - verified live now
150 pillar pages,questions-about-oncolytic-virus-therapy-faq-section.json,insights,questions-to-ask-oncolytic-virus-therapy,DONE - verified live now
150 pillar pages,safety-profile-of-oncolytic-viruses-faq-section.json,insights,safety-profile-oncolytic-viruses,DONE - verified live now
150 pillar pages,side-effects-of-oncolytic-virus-therapy-faq-section.json,insights,side-effects-oncolytic-virus-therapy,DONE - verified live now
150 pillar pages,success-rates-of-oncolytic-virus-therapy-faq-section.json,insights,success-rates-oncolytic-virus-therapy,DONE - verified live now
150 pillar pages,treatment-process-for-oncolytic-virus-faq-section.json,insights,treatment-process-oncolytic-virus-therapy,DONE - verified live now
150 pillar pages,types-of-oncolytic-viruses-used-faq-section.json,insights,types-of-oncolytic-viruses-used,DONE - verified live now
150 pillar pages,what-is-oncolytic-virus-therapy-faq-section.json,insights,what-is-oncolytic-virus-therapy,DONE - verified live now
150 pillar pages,advanced-treatments-for-childhood-cancer-faq-section.json,insights,advanced-treatments-for-childhood-cancer,DONE - verified live now
150 pillar pages,car-t-for-pediatric-leukemia-faq-section.json,insights,cart-for-pediatric-leukemia,DONE - verified live now
150 pillar pages,cost-of-pediatric-cancer-treatment-faq-section.json,insights,cost-of-pediatric-cancer-treatment,DONE - verified live now
150 pillar pages,eligibility-for-pediatric-advanced-therapy-faq-section.json,insights,eligibility-for-pediatric-advanced-therapy,DONE - verified live now
150 pillar pages,emotional-support-for-pediatric-patients-faq-section.json,insights,emotional-support-for-pediatric-patients,DONE - verified live now
150 pillar pages,gene-therapy-for-children-with-cancer-faq-section.json,insights,gene-therapy-for-children-with-cancer,DONE - verified live now
150 pillar pages,immunotherapy-for-pediatric-cancer-faq-section.json,insights,immunotherapy-for-pediatric-cancer,DONE - verified live now
150 pillar pages,international-centers-for-pediatric-cancer-faq-section.json,insights,international-centers-for-pediatric-cancer,DONE - verified live now
150 pillar pages,long-term-effects-of-childhood-cancer-therapy-faq-section.json,insights,long-term-effects-of-childhood-cancer-therapy,DONE - verified live now
150 pillar pages,most-common-cancers-in-children-faq-section.json,insights,most-common-cancers-in-children,DONE - verified live now
150 pillar pages,pediatric-cancer-at-specialized-centers-faq-section.json,insights,pediatric-cancer-at-specialized-centers,DONE - verified live now
150 pillar pages,pediatric-cancer-survival-rates-faq-section.json,insights,pediatric-cancer-survival-rates,DONE - verified live now
150 pillar pages,questions-for-pediatric-oncologists-faq-section.json,insights,questions-for-pediatric-oncologists,DONE - verified live now
150 pillar pages,second-opinion-for-pediatric-cancer-faq-section.json,insights,second-opinion-for-pediatric-cancer,DONE - verified live now
150 pillar pages,side-effects-in-pediatric-patients-faq-section.json,insights,side-effects-in-pediatric-patients,DONE - verified live now
150 pillar pages,stem-cell-therapy-for-children-faq-section.json,insights,stem-cell-therapy-for-children,DONE - verified live now
150 pillar pages,support-for-families-of-pediatric-patients-faq-section.json,insights,support-for-families-of-pediatric-patients,DONE - verified live now
150 pillar pages,tests-before-pediatric-cancer-treatment-faq-section.json,insights,tests-before-pediatric-cancer-treatment,DONE - verified live now
150 pillar pages,what-is-pediatric-cancer-faq-section.json,insights,what-is-pediatric-cancer,DONE - verified live now
150 pillar pages,clinical-trials-based-on-mutations-faq-section.json,insights,clinical-trials-based-on-mutations,DONE - verified live now
150 pillar pages,genes-commonly-tested-in-cancer-faq-section.json,insights,genes-commonly-tested-in-cancer,DONE - verified live now
150 pillar pages,genomic-testing-for-breast-cancer-faq-section.json,insights,genomic-testing-breast-cancer,DONE - verified live now
150 pillar pages,genomic-testing-for-colorectal-cancer-faq-section.json,insights,genomic-testing-colorectal-cancer,DONE - verified live now
150 pillar pages,genomic-testing-for-lung-cancer-faq-section.json,insights,genomic-testing-lung-cancer,DONE - verified live now
150 pillar pages,how-ngs-changes-cancer-treatment-faq-section.json,insights,how-ngs-changes-cancer-treatment,DONE - verified live now
150 pillar pages,hrd-testing-explained-faq-section.json,insights,hrd-testing-explained,DONE - verified live now
150 pillar pages,limitations-of-genomic-testing-faq-section.json,insights,limitations-of-genomic-testing,DONE - verified live now
150 pillar pages,liquid-biopsy-explained-faq-section.json,insights,liquid-biopsy-explained,DONE - verified live now
150 pillar pages,msi-testing-explained-faq-section.json,insights,msi-testing-explained,DONE - verified live now
150 pillar pages,ngs-for-rare-cancers-faq-section.json,insights,ngs-testing-rare-cancers,DONE - verified live now
150 pillar pages,ngs-reports-explained-faq-section.json,insights,ngs-reports-explained,DONE - verified live now
150 pillar pages,ngs-testing-cost-worldwide-faq-section.json,insights,ngs-testing-cost-worldwide,DONE - verified live now
150 pillar pages,ngs-vs-single-gene-testing-faq-section.json,insights,ngs-vs-single-gene-testing,DONE - verified live now
150 pillar pages,questions-to-ask-about-ngs-faq-section.json,insights,questions-to-ask-about-ngs-testing,DONE - verified live now
150 pillar pages,targeted-therapy-based-on-ngs-faq-section.json,insights,targeted-therapy-based-on-ngs-results,DONE - verified live now
150 pillar pages,tumor-mutation-burden-faq-section.json,insights,tumor-mutation-burden-explained,DONE - verified live now
150 pillar pages,what-is-ngs-testing-faq-section.json,insights,what-is-ngs-testing,DONE - verified live now
150 pillar pages,what-is-precision-oncology-faq-section.json,insights,what-is-precision-oncology,DONE - verified live now
150 pillar pages,when-patients-should-do-ngs-faq-section.json,insights,when-should-patients-do-ngs-testing,DONE - verified live now
150 pillar pages,accessing-lu-177-psma-therapy-in-china-centres-costs-and-scheduling-faq-section.json,,,UNDONE - never had a matching page
150 pillar pages,accessing-lu-177-psma-therapy-in-india-tata-memorial-centre-and-apollo-proton-centre-faq-section.json,,,UNDONE - never had a matching page
150 pillar pages,active-surveillance-for-low-risk-prostate-cancer-monitoring-without-immediate-treatment-faq-section.json,,,UNDONE - never had a matching page
150 pillar pages,androgen-deprivation-therapy-adt-side-effects-and-how-to-manage-them-faq-section.json,,,UNDONE - never had a matching page
150 pillar pages,brca-mutations-in-prostate-cancer-what-they-mean-for-treatment-and-for-your-family-faq-section.json,,,UNDONE - never had a matching page
150 pillar pages,enzalutamide-vs-apalutamide-vs-darolutamide-for-nmcrpc-comparing-the-options-faq-section.json,,,UNDONE - never had a matching page
150 pillar pages,getting-a-second-opinion-on-prostate-cancer-treatment-in-china-or-india-through-cancerfax-faq-section.json,,,UNDONE - never had a matching page
150 pillar pages,gleason-score-and-grade-groups-explained-for-prostate-cancer-patients-faq-section.json,,,UNDONE - never had a matching page
150 pillar pages,lutetium-177-psma-therapy-a-step-by-step-guide-for-patients-and-families-faq-section.json,,,UNDONE - never had a matching page
150 pillar pages,mhspc-treatment-intensification-adt-plus-abiraterone-enzalutamide-or-docetaxel-which-to-choose-faq-section.json,,,UNDONE - never had a matching page
150 pillar pages,multiparametric-mri-mpmri-for-prostate-cancer-what-to-expect-and-how-to-interpret-pi-rads-faq-section.json,,,UNDONE - never had a matching page
150 pillar pages,nerve-sparing-prostatectomy-preserving-erectile-function-and-continence-faq-section.json,,,UNDONE - never had a matching page
150 pillar pages,olaparib-for-mcrpc-who-is-eligible-and-how-to-access-it-in-china-and-india-faq-section.json,,,UNDONE - never had a matching page
150 pillar pages,oligometastatic-prostate-cancer-metastasis-directed-therapy-with-sbrt-and-psma-guidance-faq-section.json,,,UNDONE - never had a matching page
150 pillar pages,prostate-cancer-treatment-costs-china-vs-india-vs-usa-detailed-comparison-faq-section.json,,,UNDONE - never had a matching page
150 pillar pages,proton-therapy-for-prostate-cancer-at-the-shanghai-proton-and-heavy-ion-center-faq-section.json,,,UNDONE - never had a matching page
150 pillar pages,psma-pet-ct-for-prostate-cancer-how-it-works-who-needs-it-and-where-to-get-it-faq-section.json,,,UNDONE - never had a matching page
150 pillar pages,robotic-radical-prostatectomy-ralp-what-happens-and-how-to-choose-the-right-surgeon-faq-section.json,,,UNDONE - never had a matching page
150 pillar pages,sbrt-for-prostate-cancer-5-fraction-radiotherapy-what-patients-need-to-know-faq-section.json,,,UNDONE - never had a matching page
150 pillar pages,what-does-my-psa-level-mean-and-when-should-i-be-concerned-faq-section.json,,,UNDONE - never had a matching page
150 pillar pages,carbon-ion-therapy-for-radioresistant-cancers-faq-section.json,,,UNDONE - never had a matching page
150 pillar pages,cost-of-proton-and-carbon-ion-therapy-global-comparison-faq-section.json,,,UNDONE - never had a matching page
150 pillar pages,craniospinal-irradiation-csi-with-proton-beam-therapy-faq-section.json,,,UNDONE - never had a matching page
150 pillar pages,how-to-access-proton-therapy-abroad-a-practical-guide-faq-section.json,,,UNDONE - never had a matching page
150 pillar pages,particle-therapy-treatment-process-what-to-expect-faq-section.json,,,UNDONE - never had a matching page
150 pillar pages,proton-therapy-centers-in-japan-access-for-international-patients-faq-section.json,,,UNDONE - never had a matching page
150 pillar pages,proton-therapy-for-breast-cancer-faq-section.json,,,UNDONE - never had a matching page
150 pillar pages,proton-therapy-for-head-and-neck-cancer-faq-section.json,,,UNDONE - never had a matching page
150 pillar pages,proton-therapy-for-liver-cancer-and-hepatocellular-carcinoma-faq-section.json,,,UNDONE - never had a matching page
150 pillar pages,proton-therapy-for-lung-cancer-faq-section.json,,,UNDONE - never had a matching page
150 pillar pages,proton-therapy-for-paediatric-brain-tumours-faq-section.json,,,UNDONE - never had a matching page
150 pillar pages,proton-therapy-for-prostate-cancer-faq-section.json,,,UNDONE - never had a matching page
150 pillar pages,proton-therapy-for-skull-base-tumors-chordoma-and-chondrosarcoma-faq-section.json,,,UNDONE - never had a matching page
150 pillar pages,proton-therapy-vs-conventional-radiotherapy-key-differences-faq-section.json,,,UNDONE - never had a matching page
150 pillar pages,proton-therapy-vs-sbrt-which-is-right-for-you-faq-section.json,,,UNDONE - never had a matching page
150 pillar pages,shanghai-proton-and-heavy-ion-center-sphic-a-patient-guide-faq-section.json,,,UNDONE - never had a matching page
150 pillar pages,side-effects-of-proton-and-carbon-ion-therapy-faq-section.json,,,UNDONE - never had a matching page
150 pillar pages,the-bragg-peak-explained-why-particle-therapy-is-different-faq-section.json,,,UNDONE - never had a matching page
150 pillar pages,what-is-carbon-ion-therapy-how-it-differs-from-proton-therapy-faq-section.json,,,UNDONE - never had a matching page
150 pillar pages,what-is-proton-beam-therapy-a-complete-patient-introduction-faq-section.json,,,UNDONE - never had a matching page
150 pillar pages,brachytherapy-radiation-from-the-inside-faq-section.json,,,UNDONE - never had a matching page
150 pillar pages,concurrent-chemoradiation-how-it-works-and-what-to-expect-faq-section.json,,,UNDONE - never had a matching page
150 pillar pages,how-radiation-therapy-works-the-science-explained-faq-section.json,,,UNDONE - never had a matching page
150 pillar pages,imrt-and-vmat-explained-the-modern-standard-faq-section.json,,,UNDONE - never had a matching page
150 pillar pages,mri-guided-radiotherapy-and-adaptive-rt-explained-faq-section.json,,,UNDONE - never had a matching page
150 pillar pages,questions-to-ask-your-radiation-oncologist-faq-section.json,insights,questions-to-ask-your-oncologist,DONE - verified live now
150 pillar pages,radiation-therapy-for-bone-metastases-and-spinal-cord-compression-faq-section.json,,,UNDONE - never had a matching page
150 pillar pages,radiation-therapy-for-brain-tumours-faq-section.json,,,UNDONE - never had a matching page
150 pillar pages,radiation-therapy-for-breast-cancer-faq-section.json,,,UNDONE - never had a matching page
150 pillar pages,radiation-therapy-for-cervical-cancer-and-brachytherapy-faq-section.json,,,UNDONE - never had a matching page
150 pillar pages,radiation-therapy-for-head-and-neck-cancer-faq-section.json,,,UNDONE - never had a matching page
150 pillar pages,radiation-therapy-for-liver-cancer-and-sbrt-faq-section.json,,,UNDONE - never had a matching page
150 pillar pages,radiation-therapy-for-lung-cancer-faq-section.json,,,UNDONE - never had a matching page
150 pillar pages,radiation-therapy-for-prostate-cancer-faq-section.json,,,UNDONE - never had a matching page
150 pillar pages,radiation-therapy-in-china-access-cost-and-quality-faq-section.json,,,UNDONE - never had a matching page
150 pillar pages,radiation-therapy-vs-surgery-how-to-decide-faq-section.json,,,UNDONE - never had a matching page
150 pillar pages,sbrt-and-sabr-high-dose-few-fraction-radiation-faq-section.json,,,UNDONE - never had a matching page
150 pillar pages,side-effects-of-radiation-therapy-acute-and-late-faq-section.json,,,UNDONE - never had a matching page
150 pillar pages,stereotactic-radiosurgery-srs-for-brain-tumours-faq-section.json,,,UNDONE - never had a matching page
150 pillar pages,what-is-radiation-therapy-a-patient-introduction-faq-section.json,,,UNDONE - never had a matching page
150 pillar pages,actinium-225-psma-therapy-alpha-particle-theranostics-faq-section.json,,,UNDONE - never had a matching page
150 pillar pages,clinical-trials-in-radioligand-therapy-how-to-find-and-access-them-faq-section.json,,,UNDONE - never had a matching page
150 pillar pages,combining-radioligand-therapy-with-parp-inhibitors-and-immunotherapy-faq-section.json,,,UNDONE - never had a matching page
150 pillar pages,cost-of-lu-177-psma-and-dotatate-therapy-worldwide-faq-section.json,,,UNDONE - never had a matching page
150 pillar pages,fapi-theranostics-the-next-generation-for-solid-tumours-faq-section.json,,,UNDONE - never had a matching page
150 pillar pages,ga-68-dotatate-pet-ct-imaging-for-neuroendocrine-tumours-faq-section.json,,,UNDONE - never had a matching page
150 pillar pages,lu-177-psma-therapy-pluvicto-for-prostate-cancer-faq-section.json,,,UNDONE - never had a matching page
150 pillar pages,lutetium-177-dotatate-lutathera-for-neuroendocrine-tumours-faq-section.json,,,UNDONE - never had a matching page
150 pillar pages,prrt-for-neuroendocrine-tumours-treatment-process-and-what-to-expect-faq-section.json,,,UNDONE - never had a matching page
150 pillar pages,psma-and-prostate-cancer-understanding-the-target-faq-section.json,,,UNDONE - never had a matching page
150 pillar pages,psma-pet-ct-imaging-for-prostate-cancer-faq-section.json,,,UNDONE - never had a matching page
150 pillar pages,radioligand-therapy-in-australia-access-and-centres-faq-section.json,,,UNDONE - never had a matching page
150 pillar pages,radioligand-therapy-in-china-current-status-and-trials-faq-section.json,,,UNDONE - never had a matching page
150 pillar pages,radioligand-therapy-in-germany-and-europe-leading-centres-faq-section.json,,,UNDONE - never had a matching page
150 pillar pages,radioligand-therapy-in-india-cost-and-access-faq-section.json,,,UNDONE - never had a matching page
150 pillar pages,radium-223-dichloride-xofigo-for-bone-metastases-faq-section.json,,,UNDONE - never had a matching page
150 pillar pages,side-effects-of-radioligand-therapy-kidney-bone-marrow-and-salivary-glands-faq-section.json,,,UNDONE - never had a matching page
150 pillar pages,what-is-a-neuroendocrine-tumour-a-patient-guide-faq-section.json,,,UNDONE - never had a matching page
150 pillar pages,what-is-radioligand-therapy-a-patient-introduction-faq-section.json,,,UNDONE - never had a matching page
150 pillar pages,what-is-theranostics-see-it-treat-it-explained-faq-section.json,,,UNDONE - never had a matching page
150 pillar pages,adrenocortical-carcinoma-treatment-faq-section.json,insights,adrenocortical-carcinoma-treatment,DONE - verified live now
150 pillar pages,challenges-in-treating-rare-cancers-faq-section.json,insights,challenges-in-treating-rare-cancers,DONE - verified live now
150 pillar pages,cholangiocarcinoma-treatment-faq-section.json,insights,cholangiocarcinoma-treatment,DONE - verified live now
150 pillar pages,cost-of-rare-cancer-treatment-faq-section.json,insights,cost-of-rare-cancer-treatment,DONE - verified live now
150 pillar pages,gallbladder-cancer-treatment-faq-section.json,insights,gallbladder-cancer-treatment,DONE - verified live now
150 pillar pages,genomic-testing-for-rare-cancers-faq-section.json,insights,genomic-testing-for-rare-cancers,DONE - verified live now
150 pillar pages,getting-a-second-opinion-for-rare-cancer-faq-section.json,insights,getting-a-second-opinion-for-rare-cancer,DONE - verified live now
150 pillar pages,how-cancerfax-supports-rare-cancer-patients-faq-section.json,insights,how-cancerfax-supports-rare-cancer-patients,DONE - verified live now
150 pillar pages,immunotherapy-for-rare-cancers-faq-section.json,insights,immunotherapy-for-rare-cancers,DONE - verified live now
150 pillar pages,international-experts-in-rare-cancers-faq-section.json,insights,international-experts-in-rare-cancers,DONE - verified live now
150 pillar pages,mesothelioma-advanced-treatment-faq-section.json,insights,mesothelioma-advanced-treatment,DONE - verified live now
150 pillar pages,neuroendocrine-tumor-treatment-faq-section.json,insights,neuroendocrine-tumor-treatment,DONE - verified live now
150 pillar pages,orphan-drug-designations-explained-faq-section.json,insights,orphan-drug-designations-explained,DONE - verified live now
150 pillar pages,patient-communities-for-rare-cancers-faq-section.json,insights,patient-communities-for-rare-cancers,DONE - verified live now
150 pillar pages,questions-to-ask-about-rare-cancer-faq-section.json,insights,questions-to-ask-about-rare-cancer,DONE - verified live now
150 pillar pages,rare-brain-tumor-treatments-faq-section.json,insights,rare-brain-tumor-treatments,DONE - verified live now
150 pillar pages,sarcoma-treatment-options-faq-section.json,insights,sarcoma-treatment-options,DONE - verified live now
150 pillar pages,targeted-therapy-for-rare-cancers-faq-section.json,insights,targeted-therapy-for-rare-cancers,DONE - verified live now
150 pillar pages,what-are-rare-cancers-faq-section.json,insights,what-are-rare-cancers,DONE - verified live now
150 pillar pages,enhanced-recovery-after-surgery-eras-in-cancer-faq-section.json,,,UNDONE - never had a matching page
150 pillar pages,how-to-choose-a-cancer-surgeon-volume-experience-and-questions-to-ask-faq-section.json,,,UNDONE - never had a matching page
150 pillar pages,laparoscopic-cancer-surgery-how-it-works-and-what-to-expect-faq-section.json,,,UNDONE - never had a matching page
150 pillar pages,minimally-invasive-colorectal-cancer-surgery-faq-section.json,,,UNDONE - never had a matching page
150 pillar pages,minimally-invasive-liver-surgery-for-liver-cancer-faq-section.json,,,UNDONE - never had a matching page
150 pillar pages,open-vs-minimally-invasive-cancer-surgery-how-to-decide-faq-section.json,,,UNDONE - never had a matching page
150 pillar pages,recovery-after-minimally-invasive-cancer-surgery-faq-section.json,,,UNDONE - never had a matching page
150 pillar pages,robotic-cancer-surgery-in-china-hospitals-costs-and-access-faq-section.json,,,UNDONE - never had a matching page
150 pillar pages,robotic-cancer-surgery-the-da-vinci-system-explained-faq-section.json,,,UNDONE - never had a matching page
150 pillar pages,robotic-gastrectomy-for-gastric-cancer-faq-section.json,,,UNDONE - never had a matching page
150 pillar pages,robotic-hysterectomy-for-uterine-and-cervical-cancer-faq-section.json,,,UNDONE - never had a matching page
150 pillar pages,robotic-oesophagectomy-for-oesophageal-cancer-faq-section.json,,,UNDONE - never had a matching page
150 pillar pages,robotic-partial-nephrectomy-for-kidney-cancer-faq-section.json,,,UNDONE - never had a matching page
150 pillar pages,robotic-radical-cystectomy-for-bladder-cancer-faq-section.json,,,UNDONE - never had a matching page
150 pillar pages,robotic-radical-prostatectomy-a-complete-patient-guide-faq-section.json,,,UNDONE - never had a matching page
150 pillar pages,robotic-total-mesorectal-excision-tme-for-rectal-cancer-faq-section.json,,,UNDONE - never had a matching page
150 pillar pages,single-port-and-scar-free-cancer-surgery-faq-section.json,,,UNDONE - never had a matching page
150 pillar pages,transoral-robotic-surgery-tors-for-head-and-neck-cancer-faq-section.json,,,UNDONE - never had a matching page
150 pillar pages,vats-and-robotic-lung-surgery-for-lung-cancer-faq-section.json,,,UNDONE - never had a matching page
150 pillar pages,what-is-minimally-invasive-cancer-surgery-a-patient-introduction-faq-section.json,,,UNDONE - never had a matching page
150 pillar pages,advanced-treatments-for-stage-4-cancer-faq-section.json,insights,advanced-treatment-for-stage-4-cancer,DONE - verified live now
150 pillar pages,can-stage-4-cancer-be-treated-faq-section.json,insights,can-stage-4-cancer-be-treated,DONE - verified live now
150 pillar pages,cost-of-stage-4-cancer-treatment-faq-section.json,insights,cost-stage-4-cancer-treatment,DONE - verified live now
150 pillar pages,immunotherapy-for-stage-4-cancer-faq-section.json,insights,immunotherapy-stage-4-cancer,DONE - verified live now
150 pillar pages,international-treatment-options-faq-section.json,insights,international-treatment-options-stage-4-cancer,DONE - verified live now
150 pillar pages,managing-pain-in-stage-4-cancer-faq-section.json,insights,managing-pain-stage-4-cancer,DONE - verified live now
150 pillar pages,mental-health-support-for-patients-faq-section.json,insights,mental-health-stage-4-cancer,DONE - verified live now
150 pillar pages,nutrition-for-stage-4-cancer-patients-faq-section.json,insights,nutrition-stage-4-cancer,DONE - verified live now
150 pillar pages,palliative-care-vs-curative-treatment-faq-section.json,insights,palliative-care-vs-curative-treatment,DONE - verified live now
150 pillar pages,quality-of-life-with-stage-4-cancer-faq-section.json,insights,quality-of-life-stage-4-cancer,DONE - verified live now
150 pillar pages,questions-for-stage-4-cancer-patients-faq-section.json,,,UNDONE - never had a matching page
150 pillar pages,stage-4-breast-cancer-treatment-faq-section.json,insights,stage-4-breast-cancer-treatment,DONE - verified live now
150 pillar pages,stage-4-colorectal-cancer-treatment-faq-section.json,insights,stage-4-colorectal-cancer-treatment,DONE - verified live now
150 pillar pages,stage-4-liver-cancer-treatment-faq-section.json,insights,stage-4-liver-cancer-treatment,DONE - verified live now
150 pillar pages,stage-4-lung-cancer-treatment-faq-section.json,insights,stage-4-lung-cancer-treatment,DONE - verified live now
150 pillar pages,stage-4-ovarian-cancer-treatment-faq-section.json,insights,stage-4-ovarian-cancer-treatment,DONE - verified live now
150 pillar pages,stage-4-pancreatic-cancer-treatment-faq-section.json,insights,stage-4-pancreatic-cancer-treatment,DONE - verified live now
150 pillar pages,stage-4-prostate-cancer-treatment-faq-section.json,insights,stage-4-prostate-cancer-treatment,DONE - verified live now
150 pillar pages,targeted-therapy-for-stage-4-cancer-faq-section.json,insights,targeted-therapy-stage-4-cancer,DONE - verified live now
150 pillar pages,what-is-stage-4-cancer-faq-section.json,insights,what-is-stage-4-cancer,DONE - verified live now
150 pillar pages,autologous-vs-allogeneic-transplant-faq-section.json,insights,autologous-vs-allogeneic-transplant,DONE - verified live now
150 pillar pages,clinical-trials-in-stem-cell-therapy-faq-section.json,insights,clinical-trials-in-stem-cell-therapy,DONE - verified live now
150 pillar pages,conditioning-regimen-explained-faq-section.json,insights,conditioning-regimen-explained,DONE - verified live now
150 pillar pages,cost-of-stem-cell-transplant-worldwide-faq-section.json,insights,cost-of-stem-cell-transplant-worldwide,DONE - verified live now
150 pillar pages,donor-matching-for-stem-cell-transplant-faq-section.json,insights,donor-matching-for-stem-cell-transplant,DONE - verified live now
150 pillar pages,eligibility-for-stem-cell-transplant-faq-section.json,insights,eligibility-for-stem-cell-transplant,DONE - verified live now
150 pillar pages,graft-vs-host-disease-explained-faq-section.json,insights,graft-vs-host-disease-explained,DONE - verified live now
150 pillar pages,international-centers-for-stem-cell-therapy-faq-section.json,insights,international-centers-for-stem-cell-therapy,DONE - verified live now
150 pillar pages,questions-to-ask-before-stem-cell-transplant-faq-section.json,insights,questions-to-ask-before-stem-cell-transplant,DONE - verified live now
150 pillar pages,recovery-after-stem-cell-transplant-faq-section.json,insights,recovery-after-stem-cell-transplant,DONE - verified live now
150 pillar pages,side-effects-of-stem-cell-transplant-faq-section.json,insights,side-effects-of-stem-cell-transplant,DONE - verified live now
150 pillar pages,stem-cell-therapy-for-aplastic-anemia-faq-section.json,insights,stem-cell-therapy-for-aplastic-anemia,DONE - verified live now
150 pillar pages,stem-cell-therapy-for-leukemia-faq-section.json,insights,stem-cell-therapy-for-leukemia,DONE - verified live now
150 pillar pages,stem-cell-therapy-for-lymphoma-faq-section.json,insights,stem-cell-therapy-for-lymphoma,DONE - verified live now
150 pillar pages,stem-cell-therapy-for-multiple-myeloma-faq-section.json,insights,stem-cell-therapy-for-multiple-myeloma,DONE - verified live now
150 pillar pages,stem-cell-therapy-vs-car-t-therapy-faq-section.json,insights,stem-cell-therapy-vs-cart-therapy,DONE - verified live now
150 pillar pages,success-rates-of-stem-cell-transplant-faq-section.json,insights,success-rates-of-stem-cell-transplant,DONE - verified live now
150 pillar pages,the-stem-cell-transplant-process-faq-section.json,insights,the-stem-cell-transplant-process,DONE - verified live now
150 pillar pages,types-of-stem-cell-transplants-faq-section.json,insights,types-of-stem-cell-transplants,DONE - verified live now
150 pillar pages,what-is-stem-cell-therapy-in-cancer-faq-section.json,insights,what-is-stem-cell-therapy-in-cancer,DONE - verified live now
150 pillar pages,access-to-targeted-therapy-abroad-faq-section.json,insights,access-to-targeted-therapy-abroad,DONE - verified live now
150 pillar pages,biomarker-testing-before-targeted-therapy-faq-section.json,insights,biomarker-testing-targeted-therapy,DONE - verified live now
150 pillar pages,clinical-trials-in-targeted-therapy-faq-section.json,insights,clinical-trials-targeted-therapy,DONE - verified live now
150 pillar pages,cost-of-targeted-therapy-worldwide-faq-section.json,insights,cost-of-targeted-therapy-worldwide,DONE - verified live now
150 pillar pages,drug-resistance-in-targeted-therapy-faq-section.json,insights,drug-resistance-targeted-therapy,DONE - verified live now
150 pillar pages,future-of-targeted-therapy-faq-section.json,insights,future-of-targeted-therapy,DONE - verified live now
150 pillar pages,how-long-does-targeted-therapy-work-faq-section.json,insights,how-long-does-targeted-therapy-work,DONE - verified live now
150 pillar pages,how-targeted-therapy-works-faq-section.json,insights,how-targeted-therapy-works,DONE - verified live now
150 pillar pages,managing-side-effects-of-targeted-drugs-faq-section.json,insights,managing-side-effects-targeted-drugs,DONE - verified live now
150 pillar pages,side-effects-of-targeted-therapy-faq-section.json,insights,side-effects-targeted-therapy,DONE - verified live now
150 pillar pages,success-rates-of-targeted-therapy-faq-section.json,insights,success-rates-targeted-therapy,DONE - verified live now
150 pillar pages,targeted-therapy-for-breast-cancer-her2-faq-section.json,insights,targeted-therapy-breast-cancer-her2,DONE - verified live now
150 pillar pages,targeted-therapy-for-colorectal-cancer-ras-braf-faq-section.json,insights,targeted-therapy-colorectal-cancer-ras-braf,DONE - verified live now
150 pillar pages,targeted-therapy-for-leukemia-bcr-abl-faq-section.json,insights,targeted-therapy-leukemia-bcr-abl,DONE - verified live now
150 pillar pages,targeted-therapy-for-lung-cancer-egfr-alk-faq-section.json,insights,targeted-therapy-lung-cancer-egfr-alk,DONE - verified live now
150 pillar pages,targeted-therapy-for-melanoma-braf-mek-faq-section.json,insights,targeted-therapy-melanoma-braf-mek,DONE - verified live now
150 pillar pages,targeted-therapy-vs-chemotherapy-faq-section.json,insights,targeted-therapy-vs-chemotherapy,DONE - verified live now
150 pillar pages,types-of-targeted-therapy-drugs-faq-section.json,insights,types-of-targeted-therapy-drugs,DONE - verified live now
150 pillar pages,what-is-targeted-therapy-faq-section.json,insights,what-is-targeted-therapy,DONE - verified live now
150 pillar pages,cancers-treated-with-til-therapy-faq-section.json,insights,cancers-treated-with-til-therapy,DONE - verified live now
150 pillar pages,clinical-trials-in-til-therapy-faq-section.json,insights,clinical-trials-in-til-therapy,DONE - verified live now
150 pillar pages,cost-of-til-therapy-faq-section.json,insights,cost-of-til-therapy,DONE - verified live now
150 pillar pages,eligibility-for-til-therapy-faq-section.json,insights,eligibility-for-til-therapy,DONE - verified live now
150 pillar pages,fda-approval-of-til-therapy-faq-section.json,insights,fda-approval-of-til-therapy,DONE - verified live now
150 pillar pages,future-of-til-research-faq-section.json,insights,future-of-til-research,DONE - verified live now
150 pillar pages,how-til-therapy-works-faq-section.json,insights,how-til-therapy-works,DONE - verified live now
150 pillar pages,lymphodepletion-before-til-therapy-faq-section.json,insights,lymphodepletion-before-til-therapy,DONE - verified live now
150 pillar pages,questions-to-ask-before-til-treatment-faq-section.json,insights,questions-to-ask-before-til-treatment,DONE - verified live now
150 pillar pages,side-effects-of-til-therapy-faq-section.json,insights,side-effects-of-til-therapy,DONE - verified live now
150 pillar pages,success-rates-of-til-therapy-faq-section.json,insights,success-rates-of-til-therapy,DONE - verified live now
150 pillar pages,til-cell-expansion-in-laboratory-faq-section.json,insights,til-cell-expansion-in-laboratory,DONE - verified live now
150 pillar pages,til-therapy-for-cervical-cancer-faq-section.json,insights,til-therapy-for-cervical-cancer,DONE - verified live now
150 pillar pages,til-therapy-for-lung-cancer-faq-section.json,insights,til-therapy-for-lung-cancer,DONE - verified live now
150 pillar pages,til-therapy-for-melanoma-faq-section.json,insights,til-therapy-for-melanoma,DONE - verified live now
150 pillar pages,til-treatment-process-faq-section.json,insights,til-treatment-process,DONE - verified live now
150 pillar pages,til-vs-car-t-therapy-faq-section.json,insights,til-vs-car-t-therapy,DONE - verified live now
150 pillar pages,til-vs-immunotherapy-faq-section.json,insights,til-vs-immunotherapy,DONE - verified live now
150 pillar pages,tumor-tissue-collection-faq-section.json,insights,tumor-tissue-collection,DONE - verified live now
150 pillar pages,what-is-til-therapy-faq-section.json,insights,what-is-til-therapy,DONE - verified live now
150 pillar pages,approved-cancer-vaccines-faq-section.json,insights,approved-cancer-vaccines,DONE - verified live now
150 pillar pages,cancer-vaccines-for-breast-cancer-faq-section.json,insights,cancer-vaccines-for-breast-cancer,DONE - verified live now
150 pillar pages,cancer-vaccines-for-lung-cancer-faq-section.json,insights,cancer-vaccines-for-lung-cancer,DONE - verified live now
150 pillar pages,cancer-vaccines-for-melanoma-faq-section.json,insights,cancer-vaccines-for-melanoma,DONE - verified live now
150 pillar pages,clinical-trials-for-cancer-vaccines-faq-section.json,insights,clinical-trials-for-cancer-vaccines,DONE - verified live now
150 pillar pages,combination-with-immunotherapy-faq-section.json,insights,combination-with-immunotherapy,DONE - verified live now
150 pillar pages,cost-of-cancer-vaccine-therapy-faq-section.json,insights,cost-of-cancer-vaccine-therapy,DONE - verified live now
150 pillar pages,dendritic-cell-vaccines-faq-section.json,insights,dendritic-cell-vaccines,DONE - verified live now
150 pillar pages,eligibility-for-vaccine-therapy-faq-section.json,insights,eligibility-for-vaccine-therapy,DONE - verified live now
150 pillar pages,future-of-cancer-vaccines-faq-section.json,insights,future-of-cancer-vaccines,DONE - verified live now
150 pillar pages,how-cancer-vaccines-work-faq-section.json,,,UNDONE - never had a matching page
150 pillar pages,mrna-cancer-vaccines-faq-section.json,treatments,m-rna-vaccine,DONE - verified live now
150 pillar pages,neoantigen-vaccines-faq-section.json,insights,neoantigen-vaccines,DONE - verified live now
150 pillar pages,personalized-cancer-vaccines-faq-section.json,,,UNDONE - never had a matching page
150 pillar pages,preventive-vs-therapeutic-cancer-vaccines-faq-section.json,,,UNDONE - never had a matching page
150 pillar pages,questions-for-patients-faq-section.json,insights,questions-for-patients,DONE - verified live now
150 pillar pages,side-effects-of-cancer-vaccines-faq-section.json,insights,side-effects-of-cancer-vaccines,DONE - verified live now
150 pillar pages,types-of-tumor-vaccines-faq-section.json,,,UNDONE - never had a matching page
150 pillar pages,vaccine-treatment-process-faq-section.json,insights,vaccine-treatment-process,DONE - verified live now
150 pillar pages,what-are-cancer-vaccines-faq-section.json,,,UNDONE - never had a matching page
150 pillar pages,best-destinations-for-liver-cancer-treatment-abroad-faq-section.json,,,UNDONE - never had a matching page
150 pillar pages,how-to-compare-countries-for-cancer-treatment-cost-access-language-travel-faq-section.json,,,UNDONE - never had a matching page
150 pillar pages,which-country-is-best-for-treatment-after-standard-care-has-failed-faq-section.json,,,UNDONE - never had a matching page
batch-2026-07-20,questions-patients-should-ask-about-car-t-faq-section.json,insights,questions-patients-should-ask-about-car-t,DONE - verified live now
batch-2026-07-20,cancer-vaccines-faq-section.json,treatments,cancer-vaccines,DONE - verified live now
batch-2026-07-20,immunotherapy-faq-section.json,treatments,immunotherapy,DONE - verified live now
batch-2026-07-20,clinical-trials-in-cancer-faq-section.json,insights,clinical-trials-in-cancer,DONE - verified live now
batch-2026-07-20,pediatric-cancer-advanced-treatment-faq-section.json,guides,pediatric-cancer-advanced-treatment,DONE - verified live now
batch-2026-07-20,rare-cancer-treatments-faq-section.json,guides,rare-cancer-treatments,DONE - verified live now
batch-2026-07-20,carbon-ion-therapy-faq-section.json,treatments,carbon-ion-therapy,DONE - verified live now
batch-2026-07-20,stereotactic-radiosurgery-brain-cancer-faq-section.json,insights,stereotactic-radiosurgery-brain-cancer,DONE - verified live now
batch-2026-07-20,enhanced-recovery-after-surgery-faq-section.json,insights,enhanced-recovery-after-surgery,DONE - verified live now
csv-audit-2026-07-20,N/A,ALL,ALL,CSV REBUILT from live Strapi inventory (865 pages) - exact-slug ground truth, 305 stale rows moved to dropped-rows-not-live-2026-07-20.csv, 244 untracked live pages added
csv-audit-2026-07-20-v2,N/A,ALL,ALL,CSV re-corrected using exact-title matching (not fuzzy) - recovered 246 renamed-slug rows safely (100% identical title match, 0 ambiguous), 59 rows remain genuinely unresolved (dropped-rows-not-live-2026-07-20.csv), 18 untracked live pages added. CancerFax_Content_Architecture_1.xlsx checked as reference - no slug/URL column exists there, planning-only workbook, so exact live-title matching was used instead as the safe method.
csv-audit-2026-07-20-v3,N/A,ALL,ALL,role/pillar_association cross-checked against CancerFax_Content_Architecture_1.xlsx (Master Overview + Treatment + All 300 Pages sheets, 56 pillar titles + 616 support-page titles) via exact title match - 260/885 live titles matched (625 predate or postdate the original architecture plan, left unchanged); 10 rows corrected to PILLAR PAGE, 2 to Support Page, 11 blank pillar_association filled, 20 stale/conflicting pillar_association values overridden with xlsx's canonical name
batch-2026-07-20,5-ala-fluorescence-guided-brain-tumour-surgery-faq-section.json,guides,5-ala-fluorescence-guided-brain-tumour-surgery,DONE - verified live now
batch-2026-07-20,awake-craniotomy-brain-tumour-surgery-faq-section.json,guides,awake-craniotomy-brain-tumour-surgery,DONE - verified live now
batch-2026-07-20,brain-tumour-treatment-cost-china-india-usa-faq-section.json,guides,brain-tumour-treatment-cost-china-india-usa,DONE - verified live now
batch-2026-07-20,idh-mutation-brain-tumour-prognosis-faq-section.json,guides,idh-mutation-brain-tumour-prognosis,DONE - verified live now
batch-2026-07-20,intraoperative-mri-brain-tumour-surgery-faq-section.json,guides,intraoperative-mri-brain-tumour-surgery,DONE - verified live now
batch-2026-07-20,oligodendroglioma-1p19q-co-deletion-treatment-faq-section.json,guides,oligodendroglioma-1p19q-co-deletion-treatment,DONE - verified live now
batch-2026-07-20,onc201-h3k27m-diffuse-midline-glioma-faq-section.json,guides,onc201-h3k27m-diffuse-midline-glioma,DONE - verified live now
batch-2026-07-20,tumour-treating-fields-ttfields-optune-faq-section.json,guides,tumour-treating-fields-ttfields-optune,DONE - verified live now
batch-2026-07-20,breast-reconstruction-after-mastectomy-faq-section.json,insights,breast-reconstruction-after-mastectomy,DONE - verified live now
batch-2026-07-20,cdk46-inhibitors-palbociclib-ribociclib-abemaciclib-faq-section.json,insights,cdk46-inhibitors-palbociclib-ribociclib-abemaciclib,DONE - verified live now
batch-2026-07-20,genomic-profiling-ngs-cancer-patient-guide-faq-section.json,insights,genomic-profiling-ngs-cancer-patient-guide,DONE - verified live now
batch-2026-07-20,d2-gastrectomy-vs-d1-gastric-cancer-faq-section.json,insights,d2-gastrectomy-vs-d1-gastric-cancer,DONE - verified live now
batch-2026-07-20,integrative-oncology-combining-cancer-treatment-supportive-care-faq-section.json,guides,integrative-oncology-combining-cancer-treatment-supportive-care,DONE - verified live now
batch-2026-07-20,cancer-survivorship-late-effects-faq-section.json,insights,cancer-survivorship-late-effects,DONE - verified live now
batch-2026-07-20,lu-177-psma-theranostics-prrt-in-india-faq-section.json,guides,lu-177-psma-theranostics-prrt-in-india,DONE - verified live now
batch-2026-07-20,actinium-225-therapy-faq-section.json,treatments,actinium-225-therapy,DONE - verified live now (redo after lost agent)
batch-2026-07-20,lu-177-psma-prostate-cancer-faq-section.json,treatments,lu-177-psma-prostate-cancer,DONE - verified live now (redo after lost agent)
batch-2026-07-20,car-t-for-multiple-myeloma-in-china-faq-section.json,insights,car-t-for-multiple-myeloma-in-china,DONE - verified live now (redo after lost agent)
batch-2026-07-20,brain-tumour-treatment-advanced-options-faq-section.json,guides,brain-tumour-treatment-advanced-options,DONE - verified live now (redo after lost agent)
batch-2026-07-20,brain-tumour-second-opinion-faq-section.json,guides,brain-tumour-second-opinion,DONE - verified live now (redo after lost agent)
batch-2026-07-20,brain-tumour-treatment-in-china-faq-section.json,guides,brain-tumour-treatment-in-china,DONE - verified live now (redo after lost agent)
batch-2026-07-20,proton-therapy-for-brain-tumors-faq-section.json,insights,proton-therapy-for-brain-tumors,DONE - verified live now (redo after lost agent)
batch-2026-07-20,cancer-diagnosis-and-staging-faq-section.json,guides,cancer-diagnosis-and-staging,DONE - verified live now (redo after lost agent)
batch-2026-07-20,how-to-get-your-medical-records-for-an-international-second-opinion-faq-section.json,guides,how-to-get-your-medical-records-for-an-international-second-opinion,DONE - verified live now (redo after lost agent)
batch-2026-07-20,trastuzumab-deruxtecan-for-gastric-cancer-faq-section.json,insights,trastuzumab-deruxtecan-for-gastric-cancer,DONE - verified live now (redo after lost agent)
batch-2026-07-20,gene-therapy-for-inherited-blood-disorders-faq-section.json,guides,gene-therapy-for-inherited-blood-disorders,DONE - verified live now (redo after lost agent)
batch-2026-07-20,liver-resection-for-colorectal-metastases-faq-section.json,insights,liver-resection-for-colorectal-metastases,DONE - verified live now (redo after lost agent)
batch-2026-07-20,safety-profile-for-oncolytic-viruses-faq-section.json,insights,safety-profile-for-oncolytic-viruses,DONE - verified live now
batch-2026-07-20,lutetium-therapy-faq-section.json,treatments,lutetium-therapy,DONE - verified live now
batch-2026-07-20,oesophagectomy-for-oesophageal-cancer-faq-section.json,insights,oesophagectomy-for-oesophageal-cancer,DONE - verified live now
batch-2026-07-20,total-mesorectal-excision-faq-section.json,insights,total-mesorectal-excision,DONE - verified live now
batch-2026-07-20,acute-lymphoblastic-leukemia-treatment-in-china-patient-guide-faq-section.json,guides,acute-lymphoblastic-leukemia-treatment-in-china-patient-guide,DONE - verified live now
batch-2026-07-20,advanced-cancer-treatment-eligibility-faq-section.json,guides,advanced-cancer-treatment-eligibility,DONE - verified live now (page had empty sections, grounded via hero/SEO/CTA fields)
batch-2026-07-20,advanced-cancer-treatment-options-in-china-patient-guide-faq-section.json,guides,advanced-cancer-treatment-options-in-china-patient-guide,DONE - verified live now
batch-2026-07-20,allogeneic-stem-cell-transplant-in-china-faq-section.json,guides,allogeneic-stem-cell-transplant-in-china,DONE - verified live now
batch-2026-07-20,best-cancer-hospitals-in-india-faq-section.json,guides,best-cancer-hospitals-in-india,DONE - verified live now
batch-2026-07-20,best-oncologists-in-india-faq-section.json,guides,best-oncologists-in-india,DONE - verified live now
batch-2026-07-20,bi-specific-antibodies-for-solid-tumours-in-china-faq-section.json,guides,bi-specific-antibodies-for-solid-tumours-in-china,DONE - verified live now
batch-2026-07-20,bone-and-soft-tissue-sarcoma-treatment-in-india-faq-section.json,guides,bone-and-soft-tissue-sarcoma-treatment-in-india,DONE - verified live now
batch-2026-07-20,bone-marrow-transplant-in-india-faq-section.json,guides,bone-marrow-transplant-in-india,DONE - verified live now
batch-2026-07-20,bone-marrow-transplant-india-vs-china-faq-section.json,guides,bone-marrow-transplant-india-vs-china,DONE - verified live now
batch-2026-07-20,brain-and-spinal-tumour-treatment-in-india-faq-section.json,guides,brain-and-spinal-tumour-treatment-in-india,DONE - verified live now
batch-2026-07-20,breast-cancer-treatment-in-india-faq-section.json,guides,breast-cancer-treatment-in-india,DONE - verified live now
batch-2026-07-20,cancer-second-opinion-apollo-hospitals-faq-section.json,guides,cancer-second-opinion-apollo-hospitals,DONE - verified live now
batch-2026-07-20,cancer-second-opinion-china-faq-section.json,guides,cancer-second-opinion-china,DONE - verified live now
batch-2026-07-20,cancer-second-opinion-costs-comparison-faq-section.json,guides,cancer-second-opinion-costs-comparison,DONE - verified live now
batch-2026-07-20,cancer-second-opinion-md-anderson-faq-section.json,guides,cancer-second-opinion-md-anderson,DONE - verified live now
